Posicao,Nome,Lançamento,Desenvolvedora/Publisher,Plataformas,Nota Média,Tempo de Jogo,Qtd Reviews,Qtd Likes,Tags,Descricao
1,Grand Theft Auto V,2013,"Rockstar North, Rockstar Games","Windows PC, PlayStation 5, Xbox Series X|S, PlayStation 4, Xbox One, PlayStation 3, Xbox 360",4.0,average: 216h | to finish: 47h | to master: 188h,13K,18K,"Adventure, Racing, Shooter","Grand Theft Auto V is a vast open world game set in Los Santos, a sprawling sun-soaked metropolis struggling to stay afloat in an era of economic uncertainty and cheap reality TV. The game blends storytelling and gameplay in new ways as players repeatedly jump in and out of the lives of the game’s three lead characters, playing all sides of the game’s interwoven story."
2,Red Dead Redemption 2,2018,"Rockstar Games, Take-Two Interactive","Windows PC, PlayStation 4, Xbox One, Google Stadia",4.6,average: 122h | to finish: 74h | to master: 270h,22K,35K,"Adventure, RPG, Shooter","Red Dead Redemption 2 is the epic tale of outlaw Arthur Morgan and the infamous Van der Linde gang, on the run across America at the dawn of the modern age."
3,Elden Ring,2022,"FromSoftware, Bandai Namco Entertainment","Windows PC, Nintendo Switch 2, PlayStation 5, Xbox Series X|S, PlayStation 4, Xbox One",4.5,average: 147h | to finish: 96h | to master: 119h,22K,30K,"Adventure, RPG","Elden Ring is an action RPG developed by FromSoftware and published by Bandai Namco Entertainment, released in February 2022. Directed by Hidetaka Miyazaki, with world-building contributions from novelist George R. R. Martin, the game features an expansive open world called the Lands Between. Players assume the role of a customisable character known as the Tarnished, who must explore this world, battle formidable enemies, and seek to restore the Elden Ring to become the Elden Lord. The game builds on the challenging gameplay mechanics familiar from the Dark Souls series but introduces a more open-ended structure with vast exploration, dynamic weather, and a day-night cycle. It offers deep lore, complex characters, and an interconnected world filled with secrets, dungeons, and powerful bosses."
4,Minecraft: Java Edition,2011,Mojang Studios,"Windows PC, Mac, Linux",4.4,average: 1401h | to finish: 48h | to master: 847h,14K,18K,"Adventure, Simulator","Minecraft focuses on allowing the player to explore, interact with, and modify a dynamically generated map made of one-cubic-meter-sized blocks. In addition to blocks, the environment features plants, mobs, and items. Some activities in the game include mining for ore, fighting hostile mobs, and crafting new blocks and tools by gathering various resources found in the game. The game's open-ended model allows players to create structures, creations, and artwork on various multiplayer servers or their single-player maps. Other features include redstone circuits for logic computations and remote actions, minecarts and tracks, and a mysterious underworld called the Nether. A designated but completely optional goal of the game is to travel to a dimension called the End, and defeat the ender dragon."
5,The Legend of Zelda: Breath of the Wild,2017,"Nintendo EPD Production Group No. 3, Nintendo","Nintendo Switch, Wii U",4.5,average: 122h | to finish: 75h | to master: 180h,15K,22K,"Adventure, Puzzle","The Legend of Zelda: Breath of the Wild is the first 3D open-world game in the Zelda series. Link can travel anywhere and be equipped with weapons and armor found throughout the world to grant him various bonuses. Unlike many games in the series, Breath of the Wild does not impose a specific order in which quests or dungeons must be completed. While the game still has environmental obstacles such as weather effects, inhospitable lands, or powerful enemies, many of them can be overcome using the right method. A lot of critics ranked Breath of the Wild as one of the best video games of all time."
6,Hollow Knight,2017,Team Cherry,"Windows PC, Mac, Linux, Nintendo Switch 2, PlayStation 5, Xbox Series X|S, Nintendo Switch, PlayStation 4, Wii U, Xbox One",4.4,average: 59h | to finish: 33h | to master: 75h,20K,27K,"Adventure, Indie, Platform","A 2D metroidvania with an emphasis on close combat and exploration in which the player enters the once-prosperous now-bleak insect kingdom of Hallownest, travels through its various districts, meets friendly inhabitants, fights hostile ones and uncovers the kingdom's history while improving their combat abilities and movement arsenal by fighting bosses and accessing out-of-the-way areas."
7,God of War,2018,"SIE Santa Monica Studio, Sony Interactive Entertainment","Windows PC, PlayStation 5, PlayStation 4",4.3,average: 37h | to finish: 27h | to master: 50h,13K,18K,"Adventure, Brawler, RPG","God of War is the sequel to God of War III as well as a continuation of the canon God of War chronology. Unlike previous installments, this game focuses on Norse mythology and follows an older and more seasoned Kratos and his son Atreus in the years since the third game. It is in this harsh, unforgiving world that he must fight to survive… and teach his son to do the same."
8,Portal 2,2011,"Valve, Electronic Arts","Windows PC, Mac, Linux, Nintendo Switch, PlayStation 3, Xbox 360",4.5,average: 16h | to finish: 8h | to master: 20h,11K,18K,"Adventure, Platform, Puzzle","Sequel to the acclaimed Portal (2007), Portal 2 pits the protagonist of the original game, Chell, and her new robot friend, Wheatley, against more puzzles conceived by GLaDOS, an A.I. with the sole purpose of testing the Portal Gun's mechanics and taking revenge on Chell for the events of Portal. As a result of several interactions and revelations, Chell once again pushes to escape Aperture Science Labs."
9,Portal,2007,"Valve, Electronic Arts","Windows PC, Mac, Linux, Nintendo Switch, PlayStation 3, Xbox 360, Android",4.1,average: 5h | to finish: 3h | to master: 12h,10K,14K,"Adventure, Platform, Puzzle","Waking up in a seemingly empty laboratory, the player is made to complete various physics-based puzzle challenges through numerous test chambers in order to test out the new Aperture Science Handheld Portal Device, without an explanation as to how, why or by whom."
10,Cyberpunk 2077,2020,"CD Projekt RED, CD Projekt","Windows PC, Mac, Nintendo Switch 2, PlayStation 5, Xbox Series X|S, PlayStation 4, Xbox One, Google Stadia",4.2,average: 89h | to finish: 60h | to master: 111h,16K,23K,"Adventure, RPG, Shooter","Cyberpunk 2077 is an open-world action-adventure game set in Night City, a sprawling metropolis driven by power, glamour, and body modification. Players assume the role of V, a mercenary outlaw in pursuit of a unique implant that holds the key to immortality. The game allows extensive customization of cyberware, skills, and playstyle. Choices made throughout the journey influence both the narrative and the world."
11,Marvel's Spider-Man,2018,"Insomniac Games, Sony Interactive Entertainment",PlayStation 4,4.1,average: 43h | to finish: 25h | to master: 38h,10K,15K,"Adventure, Brawler","Starring the world’s most iconic Super Hero, Spider-Man features the acrobatic abilities, improvisation and web-slinging that the wall-crawler is famous for, while also introducing elements never-before-seen in a Spider-Man game. From traversing with parkour and utilizing the environment, to new combat and blockbuster set pieces, it’s Spider-Man unlike any you’ve played before."
12,Undertale,2015,"tobyfox, 8-4","Windows PC, Mac, Linux, Nintendo Switch, PlayStation 4, PlayStation Vita, Xbox One",4.3,average: 16h | to finish: 9h | to master: 10h,15K,19K,"Adventure, Indie, Puzzle, RPG","A small child falls into the Underground, where monsters have long been banished by humans and are hunting every human that they find. The player controls the child as they try to make it back to the Surface through hostile environments, all the while engaging with a turn-based combat system with puzzle-solving and bullet hell elements, as well as other unconventional game mechanics."
13,Hades,2020,"Supergiant Games, Netflix","Windows PC, Mac, PlayStation 5, Xbox Series X|S, Nintendo Switch, PlayStation 4, Xbox One, iOS",4.2,average: 48h | to finish: 39h | to master: 90h,12K,15K,"Adventure, Brawler, Indie, RPG","A rogue-lite hack and slash dungeon crawler in which Zagreus, son of Hades the Greek god of the dead, attempts to escape his home and his oppressive father by fighting the souls of the dead through the various layers of the ever-shifting underworld, while getting to know and forging relationships with its inhabitants."
14,Stardew Valley,2016,"ConcernedApe, 505 Games","Windows PC, Mac, Linux, Nintendo Switch 2, Nintendo Switch, PlayStation 4, PlayStation Vita, Wii U, Xbox One, Android, iOS",4.2,average: 128h | to finish: 108h | to master: 205h,11K,16K,"Adventure, Indie, RPG, Simulator, Strategy","Stardew Valley is an open-ended country-life RPG! You’ve inherited your grandfather’s old farm plot in Stardew Valley. Armed with hand-me-down tools and a few coins, you set out to begin your new life. Can you learn to live off the land and turn these overgrown fields into a thriving home? It won’t be easy. Ever since Joja Corporation came to town, the old ways of life have all but disappeared. The community center, once the town’s most vibrant hub of activity, now lies in shambles. But the valley seems full of opportunity. With a little dedication, you might just be the one to restore Stardew Valley to greatness!"
15,Among Us,2018,Innersloth,"Windows PC, PlayStation 5, Xbox Series X|S, Nintendo Switch, PlayStation 4, Xbox One, Android, iOS",3.1,average: 27h | to finish: 30h | to master: -h,9.2K,4.1K,"Indie, Strategy","Play with 4-15 player online or via local WiFi as you attempt to prepare your spaceship for departure, but beware as one or more random players among the Crew are Impostors bent on killing everyone! Originally created as a party game, we recommend playing with friends at a LAN party or online using voice chat. Enjoy cross-platform play between Android, iOS, PC, and console."
16,Resident Evil 2,2019,"Capcom Development Division 1, Capcom","Windows PC, Mac, PlayStation 5, Xbox Series X|S, PlayStation 4, Xbox One, iOS",4.3,average: 18h | to finish: 11h | to master: 39h,14K,19K,"Adventure, Shooter","Resident Evil 2 is a remake of 1998's Resident Evil 2. The game was not developed with the intent of improving the original, but rather a reimagining of the original story with redesigned maps, characters and story elements. Gameplay mechanics are more similar to Resident Evil 7: Biohazard though with the use of an over-the-shoulder camera."
17,Super Mario Odyssey,2017,"Nintendo EPD Production Group No. 8, Nintendo","Nintendo Switch 2, Nintendo Switch",4.3,average: 41h | to finish: 20h | to master: 60h,10K,13K,"Adventure, Platform","Explore incredible places far from the Mushroom Kingdom as you join Mario and his new ally Cappy on a massive, globe-trotting 3D adventure. Use amazing new abilities, like the power to capture and control objects, animals, and enemies to collect Power Moons so you can power up the Odyssey airship and save Princess Peach from Bowser’s wedding plans!"
18,Fortnite,2020,Epic Games,"Windows PC, Mac, Nintendo Switch 2, PlayStation 5, Xbox Series X|S, Nintendo Switch, PlayStation 4, Xbox One, Android, iOS",3.1,average: 740h | to finish: 1073h | to master: -h,9.5K,5.3K,"Shooter, Simulator","Fortnite is a free-to-play online game where you and your friends can create, play and battle. Be the last player standing in Battle Royale and Zero Build, experience a concert or live event, or discover over a million creator-made games, including racing, parkour, zombie survival and more."
19,Super Smash Bros. Ultimate,2018,"Sora, Nintendo",Nintendo Switch,4.1,average: 271h | to finish: 59h | to master: -h,7.6K,9.5K,"Fighting, Platform","Super Smash Bros. Ultimate is a crossover fighting game for the Nintendo Switch and the fifth main entry in the series. It features every playable fighter from previous installments alongside new additions such as Inkling and Ridley. The game includes faster combat, new items, and expanded defensive mechanics. Modes include local and online multiplayer, a single-player adventure mode called World of Light, and various casual and competitive rulesets."
20,The Elder Scrolls V: Skyrim,2011,"Bethesda Game Studios, Bethesda Softworks","Windows PC, PlayStation 3, Xbox 360",4.0,average: 183h | to finish: 53h | to master: 96h,6.1K,9.5K,"Adventure, RPG","Skyrim reimagines and revolutionizes the open-world fantasy epic, bringing to life a complete virtual world open for you to explore any way you choose. Play any type of character you can imagine, and do whatever you want; the legendary freedom of choice, storytelling, and adventure of The Elder Scrolls is realized like never before."
21,Dark Souls III,2016,"FromSoftware, Bandai Namco Entertainment","Windows PC, PlayStation 4, Xbox One",4.3,average: 88h | to finish: 36h | to master: 91h,10K,14K,"Adventure, RPG","Dark Souls III is an action role-playing game developed by FromSoftware and published by Bandai Namco Entertainment. Released in March 2016, it is the fourth entry in the Souls series and the final instalment in the Dark Souls trilogy. Set in the decaying kingdom of Lothric, players take on the role of the ""Ashen One,"" an undead warrior tasked with rekindling the First Flame to prevent the world from falling into darkness. The game features challenging combat, intricate level design, and a deep, lore-rich narrative."
22,Minecraft,2016,Mojang Studios,"Windows PC, Mac, Linux, Nintendo Switch 2, PlayStation 5, Xbox Series X|S, Nintendo Switch, PlayStation 4, Xbox One, Amazon Fire TV, Android, Gear VR, iOS, Windows Phone",4.3,average: 673h | to finish: 42h | to master: 149h,8.3K,13K,"Adventure, Arcade, Simulator","Minecraft focuses on allowing the player to explore, interact with, and modify a dynamically-generated map made of one-cubic-meter-sized blocks. In addition to blocks, the environment features plants, mobs, and items. Some activities in the game include mining for ore, fighting hostile mobs, and crafting new blocks and tools by gathering various resources found in the game. The game's open-ended model allows players to create structures, creations, and artwork on various multiplayer servers or their single-player maps. Other features include redstone circuits for logic computations and remote actions, minecarts and tracks, and a mysterious underworld called the Nether. A designated but completely optional goal of the game is to travel to a dimension called the End, and defeat the ender dragon."
23,The Witcher 3: Wild Hunt,2015,"CD Projekt RED, WB Games","Windows PC, PlayStation 5, Xbox Series X|S, Nintendo Switch, PlayStation 4, Xbox One",4.4,average: 114h | to finish: 88h | to master: 148h,7.1K,14K,"Adventure, RPG","The Witcher 3: Wild Hunt is an open-world action role-playing game developed by CD Projekt Red. Set in a dark fantasy world, the game follows Geralt of Rivia, a monster hunter searching for his adopted daughter, Ciri, while navigating political conflicts and supernatural threats. Gameplay features exploration, combat, character progression, and branching narratives shaped by player choices. Widely acclaimed for its writing, world-building, and depth, it is considered one of the most influential RPGs of its generation."
24,Terraria,2011,"Re-Logic, 505 Games","Windows PC, Mac, Linux, Nintendo 3DS, Nintendo Switch, PlayStation 4, PlayStation Vita, Wii U, Xbox One, PlayStation 3, Xbox 360, Android, Google Stadia, iOS, Windows Phone",4.1,average: 233h | to finish: 61h | to master: 295h,9K,11K,"Adventure, Indie, Platform, RPG, Simulator, Strategy","Terraria is a 2D sandbox action-adventure game with platforming and role-playing elements. Players create a character and are placed in a procedurally generated world where they mine resources, craft equipment, build structures, and fight enemies. Progression is driven by defeating bosses that unlock new tiers of items, biomes, and challenges. The game features a class system based on equipped gear, NPC recruitment tied to achievements, and supports both single-player and multiplayer modes. Terraria also includes official modding support through the tModLoader framework."
25,Mario Kart 8 Deluxe,2017,"Nintendo Entertainment Planning & Development, Nintendo","Nintendo Switch 2, Nintendo Switch",4.1,average: 58h | to finish: 22h | to master: -h,5.9K,8.4K,"Arcade, Racing","Hit the road with the definitive version of Mario Kart 8 and play anytime, anywhere! Race your friends or battle them in a revised battle mode on new and returning battle courses. Play locally in up to 4-player multiplayer in 1080p while playing in TV Mode. Every track from the Wii U version, including DLC, makes a glorious return. Plus, the Inklings appear as all-new guest characters, along with returning favorites, such as King Boo, Dry Bones, and Bowser Jr.!"
26,Cuphead,2017,Studio MDHR,"Windows PC, Mac, Nintendo Switch, PlayStation 4, Xbox One",4.1,average: 23h | to finish: 13h | to master: 41h,9.2K,11K,"Adventure, Arcade, Indie, Platform, Shooter","Cuphead is a run-and-gun action game focused primarily on boss battles. Its visual style is modeled after 1930s cartoons, using traditional hand-drawn cel animation, watercolor backgrounds, and original jazz recordings. Players control Cuphead or Mugman in single-player or local co-op, traversing themed worlds, acquiring new weapons, and unlocking super moves. The game includes both boss encounters and side-scrolling platforming stages."
27,Grand Theft Auto: San Andreas,2004,"Rockstar North, Rockstar Games","Windows PC, Mac, PlayStation 4, PlayStation 3, Xbox 360, PlayStation 2, Xbox, Android, iOS, Windows Phone",4.3,average: 72h | to finish: 34h | to master: 88h,5.5K,10K,"Adventure, Racing, Shooter","Returning after his mother's murder to the semi-fictional city of Los Santos (based on Los Angeles), Carl Johnson, a former gang banger, must take back the streets for his family and friends by gaining respect and once again gaining control over the streets. However, a story filled with crime, lies and corruption will lead him to trudge the entire state of San Andreas (based on California and Nevada) to rebuild his life."
28,Celeste,2018,"Extremely OK Games, Maddy Makes Games","Windows PC, Mac, Linux, Nintendo Switch, PlayStation 4, Xbox One, Google Stadia",4.3,average: 25h | to finish: 12h | to master: 39h,11K,13K,"Adventure, Indie, Platform","Help Madeline survive her inner demons on her journey to the top of Celeste Mountain, in this super-tight platformer from the creators of TowerFall. Brave hundreds of hand-crafted challenges, uncover devious secrets, and piece together the mystery of the mountain."
29,Marvel's Spider-Man: Miles Morales,2020,"Insomniac Games, Sony Interactive Entertainment","Windows PC, PlayStation 5, PlayStation 4",3.7,average: 17h | to finish: 11h | to master: 20h,9.2K,8.2K,"Adventure, Brawler","Marvel's Spider-Man: Miles Morales is a third-person action-adventure game and a standalone continuation of Marvel's Spider-Man (2018). Set in an open-world version of New York City during winter, the game follows Miles Morales as he takes on the role of Spider-Man while Peter Parker is abroad. Gameplay focuses on traversal, combat, and completing missions across the city. Miles has unique abilities distinct from Peter, including bio-electric ""Venom"" attacks and temporary invisibility. The game features unlockable suits, gadgets, and a skill tree progression system."
30,Star Wars Jedi: Fallen Order,2019,"Respawn Entertainment, Electronic Arts","Windows PC, PlayStation 5, Xbox Series X|S, PlayStation 4, Xbox One, Google Stadia",3.7,average: 23h | to finish: 19h | to master: 30h,7.1K,8.2K,Adventure,"Star Wars Jedi: Fallen Order is a narratively driven, single-player game puts you in the role of a Jedi Padawan who narrowly escaped the purge of Order 66 following the events of Episode III: Revenge of the Sith. On a quest to rebuild the Jedi Order, you must pick up the pieces of your shattered past to complete your training, develop new powerful Force abilities and master the art of the iconic lightsaber - all while staying one step ahead of the Empire and its deadly Inquisitors."
31,Left 4 Dead 2,2009,"Turtle Rock Studios, Electronic Arts","Windows PC, Mac, Linux, Xbox 360",4.0,average: 39h | to finish: 17h | to master: -h,5.4K,7.6K,Shooter,"Left 4 Dead 2 is a cooperative first-person shooter video game, the sequel to Valve Corporation's Left 4 Dead. The Game builds upon cooperatively focused gameplay and Valve's proprietary Source engine, the same game engine used in the original Left 4 Dead. Set during the aftermath of an apocalyptic pandemic, Left 4 Dead 2 focuses on four new Survivors, fighting against hordes of the Infected, who develop severe psychosis and exhibit zombie-like tendencies. The Survivors must fight their way through five campaigns, interspersed with safe houses that act as checkpoints, with the goal of escape at each campaign's finale."
32,Detroit: Become Human,2018,"Quantic Dream, Sony Interactive Entertainment","Windows PC, PlayStation 4",3.9,average: 18h | to finish: 13h | to master: 36h,8.8K,12K,Adventure,"Detroit: Become Human is an interactive narrative adventure game developed by Quantic Dream and released in 2018. Set in a near-future Detroit where androids serve humans, the story follows three android protagonists—Kara, Connor, and Markus—who shape the city’s fate through their choices. Gameplay combines exploration, dialogue interactions, and quick-time events, with branching storylines and multiple endings. The narrative explores themes of artificial intelligence, freedom, and morality."
33,The Last of Us,2013,"Naughty Dog, Sony Computer Entertainment",PlayStation 3,4.4,average: 24h | to finish: 16h | to master: -h,5.5K,12K,"Adventure, Shooter","The Last of Us is a third-person action-adventure game featuring a mix of exploration, stealth and combat. Players face both infected creatures and hostile human enemies while progressing through varied environments. The game includes a narrative-driven single-player campaign and a competitive online multiplayer mode called Factions. Trophy support is included, and additional downloadable content was made available separately."
34,Resident Evil 4,2023,"Capcom Development Division 1, Capcom","Windows PC, Mac, PlayStation 5, Xbox Series X|S, PlayStation 4, iOS",4.5,average: 30h | to finish: 17h | to master: 70h,14K,18K,"Adventure, Puzzle, Shooter","Resident Evil 4 is a remake of the 2005 original Resident Evil 4 reimagined for 2023 to bring state-of-the-art survival horror. Resident Evil 4 preserves the essence of the original game, while introducing modernized gameplay, a reimagined storyline, and vividly detailed graphics to make this the latest survival horror game where life and death, terror and catharsis intersect."
35,Batman: Arkham Asylum,2009,"Rocksteady Studios, Eidos Interactive","Windows PC, Mac, Nintendo Switch, Ouya, PlayStation 3, Xbox 360",3.9,average: 15h | to finish: 13h | to master: 28h,5.7K,8.9K,"Adventure, Brawler","Batman: Arkham Asylum is an action-adventure game developed by Rocksteady Studios and published by Warner Bros. Interactive Entertainment. Released in 2009, it follows Batman as he battles the Joker, who seizes control of Arkham Asylum and frees its inmates. The game features stealth, combat, and detective elements, with players using Batman's gadgets and skills to subdue enemies and solve puzzles. Set in a dark, immersive version of Gotham, the story explores Batman’s psychological battle with his foes, including Harley Quinn, Bane, and Scarecrow. The game received critical acclaim for its gameplay, atmosphere, and storytelling, becoming a defining title in superhero video games."
36,Overwatch,2016,"Blizzard Entertainment, Square Enix","Windows PC, Nintendo Switch, PlayStation 4, Xbox One",3.3,average: 450h | to finish: -h | to master: -h,5.4K,4.3K,"Shooter, Strategy","Join the fight for the future in the world of Overwatch and choose your hero from a diverse cast of soldiers, scientists, adventurers, and oddities. Bend time, defy physics, and unleash a dizzying array of extraordinary powers and weapons. Engage your enemies in iconic locations from around the globe in the ultimate team-based shooter."
37,Rocket League,2015,Psyonix,"Windows PC, Mac, Linux, PlayStation 5, Xbox Series X|S, Nintendo Switch, PlayStation 4, Xbox One",3.2,average: 261h | to finish: 69h | to master: 1434h,5K,4K,"Indie, Racing, Sport","Rocket League is a high-powered hybrid of arcade-style soccer and vehicular mayhem with easy-to-understand controls and fluid, physics-driven competition. Rocket League includes casual and competitive Online Matches, a fully-featured offline Season Mode, special “Mutators” that let you change the rules entirely, hockey and basketball-inspired Extra Modes, and more than 500 trillion possible cosmetic customization combinations."
38,Resident Evil 7: Biohazard,2017,"Capcom Development Division 1, Capcom","Windows PC, Mac, Nintendo Switch 2, PlayStation 5, Xbox Series X|S, PlayStation 4, PlayStation VR, Xbox One, Google Stadia, iOS",4.1,average: 13h | to finish: 9h | to master: 43h,9.2K,11K,"Adventure, Puzzle, Shooter","Resident Evil 7: Biohazard is the first game of the Resident Evil series to switch from 3rd-person to fully 1st-person perspective. A complete refresh of gameplay systems simultaneously propels the survival horror experience to another level. It is as much horror as it is survival, boosting up scare elements and minimizing downright shooting action. The game allows use of Sony's PSVR Headset to play in VR mode."
39,Clair Obscur: Expedition 33,2025,"Sandfall Interactive, Kepler Interactive","Windows PC, PlayStation 5, Xbox Series X|S",4.6,average: 46h | to finish: 42h | to master: 64h,18K,26K,"Adventure, Indie, RPG, Turn Based Strategy",Lead the members of Expedition 33 on their quest to destroy the Paintress so that she can never paint death again. Explore a world of wonders inspired by Belle Époque France and battle unique enemies in this turn-based RPG with real-time mechanics.
40,Doom,2016,"id Software, Bethesda Softworks","Windows PC, PlayStation 4, Xbox One",3.9,average: 15h | to finish: 12h | to master: 28h,6.4K,7.5K,Shooter,"Developed by id software, the studio that pioneered the first-person shooter genre and created multiplayer Deathmatch, Doom returns as a brutally fun and challenging modern-day shooter experience. Relentless demons, impossibly destructive guns, and fast, fluid movement provide the foundation for intense, first-person combat – whether you’re obliterating demon hordes through the depths of Hell in the single-player campaign, or competing against your friends in numerous multiplayer modes. Expand your gameplay experience using Doom SnapMap game editor to easily create, play, and share your content with the world."
41,Balatro,2024,"LocalThunk, Playstack","Windows PC, Mac, Nintendo Switch 2, PlayStation 5, Xbox Series X|S, Nintendo Switch, PlayStation 4, Xbox One, Android, iOS",4.2,average: 45h | to finish: 22h | to master: 207h,13K,15K,"Card & Board Game, Indie, Strategy, Turn Based Strategy","Balatro is a deck-building roguelite in which players construct poker hands to earn chips and overcome enemy blinds. The game features mechanics for enhancing a deck of playing cards, purchasing Jokers that modify hand effects, and discovering synergies to progress through increasingly challenging encounters."
42,Bloodborne,2015,"FromSoftware, Sony Computer Entertainment",PlayStation 4,4.5,average: 65h | to finish: 32h | to master: 77h,9.5K,14K,"Adventure, RPG","An action RPG in which the player embodies a Hunter who, after being transfused with the mysterious blood local to the city of Yharnam, sets off into a ""night of the Hunt"", an extended night in which Hunters may phase in and out of dream and reality in order to thin the outbreak of abominable beasts that plague the land and, for the more resilient and insightful Hunters, uncover the answers to the Hunt's many mysteries."
43,Fall Guys,2020,"Mediatonic, Devolver Digital","Windows PC, PlayStation 5, Xbox Series X|S, Nintendo Switch, PlayStation 4, Xbox One, Android, iOS",3.0,average: 29h | to finish: 23h | to master: 52h,4.6K,2.5K,"Indie, Platform, Racing","Fall Guys flings hordes of contestants together online in a mad dash through round after round of escalating chaos until one victor remains! Battle bizarre obstacles, shove through unruly competitors, and overcome the unbending laws of physics to avoid both humiliation and elimination. Leave your dignity at the door and prepare for hilarious failure in your quest for the crown."
44,Batman: Arkham City,2011,"Rocksteady Studios, WB Games","Windows PC, Nintendo Switch, PlayStation 3, Xbox 360, OnLive Game System",4.3,average: 25h | to finish: 14h | to master: 78h,5.1K,9.5K,"Adventure, Brawler","Batman: Arkham City builds upon the intense, atmospheric foundation of Batman: Arkham Asylum, sending players soaring into Arkham City, the new maximum security ""home"" for all of Gotham City's thugs, gangsters and insane criminal masterminds. Set inside the heavily fortified walls of a sprawling district in the heart of Gotham City, this highly anticipated sequel introduces a brand-new story that draws together a new all-star cast of classic characters and murderous villains from the Batman universe, as well as a vast range of new and enhanced gameplay features to deliver the ultimate experience as the Dark Knight."
45,Tomb Raider,2013,"Crystal Dynamics, Feral Interactive","Windows PC, Mac, Linux, PlayStation 3, Xbox 360, Android, iOS",3.7,average: 15h | to finish: 13h | to master: 22h,4.5K,6.1K,"Adventure, Platform, Puzzle, Shooter","Tomb Raider explores the intense and gritty origin story of Lara Croft and her ascent from a young woman to a hardened survivor. Armed only with raw instincts and the ability to push beyond the limits of human endurance, Lara must fight to unravel the dark history of a forgotten island to escape its relentless hold."
46,Fallout 4,2015,"Bethesda Game Studios, Bethesda Softworks","Windows PC, PlayStation 5, Xbox Series X|S, PlayStation 4, Xbox One",3.4,average: 111h | to finish: 59h | to master: 167h,5.5K,5.3K,"RPG, Shooter","Bethesda Game Studios welcome you to the world of Fallout 4, their most ambitious game ever, and the next generation of open-world gaming. As the sole survivor of Vault 111, you enter a world destroyed by nuclear war. Every second is a fight for survival, and every choice is yours. Only you can rebuild and determine the fate of the Wasteland. Welcome home."
47,Far Cry 3,2012,"Ubisoft Montreal, Ubisoft Entertainment","Windows PC, PlayStation 3, Xbox 360",3.9,average: 25h | to finish: 22h | to master: 34h,4.6K,7K,"Adventure, Shooter","Explore an island playground as stunningly beautiful as it is diverse – from mountain ranges to swampy grasslands and white sandy beaches. Fight your way through the island’s towns, temples, river ports and more. Encounter a diverse and realistic cast of characters, including one of Far Cry’s most notorious villains: Vaas Montenegro. Dive into this deep and enriching story where morals are questionable and hope is all but abandoned."
48,Batman: Arkham Knight,2015,"Rocksteady Studios, Warner Bros. Interactive Entertainment","Windows PC, Nintendo Switch, PlayStation 4, Xbox One",4.1,average: 44h | to finish: 31h | to master: 55h,6.4K,9.7K,"Adventure, Brawler","Batman: Arkham Knight is an action-adventure game developed by Rocksteady Studios, released in 2015. It is the final installment in the Arkham series. Players control Batman as he faces Scarecrow, who unites Gotham's criminals to destroy the Dark Knight. The mysterious Arkham Knight, a new adversary, aids Scarecrow in his plan. The game features open-world exploration, stealth, combat, and puzzle-solving. A key addition is the Batmobile, used for traversal and combat. The story explores Batman’s psychological struggles and the collapse of his alliances as Gotham spirals into chaos."
49,Assassin's Creed IV Black Flag,2013,"Ubisoft Montreal, Ubisoft Entertainment","Windows PC, Nintendo Switch, PlayStation 4, Wii U, Xbox One, PlayStation 3, Xbox 360, Google Stadia",4.0,average: 42h | to finish: 29h | to master: 49h,4.9K,7.8K,Adventure,"Assassin’s Creed IV Black Flag begins in 1715, when pirates established a lawless republic in the Caribbean and ruled the land and seas. These outlaws paralyzed navies, halted international trade, and plundered vast fortunes. They threatened the power structures that ruled Europe, inspired the imaginations of millions, and left a legacy that still endures."
50,Animal Crossing: New Horizons,2020,"Nintendo EPD Production Group No. 5, Nintendo",Nintendo Switch,3.7,average: 209h | to finish: 85h | to master: -h,6.4K,6.3K,Simulator,"Escape to a deserted island and create your own paradise as you explore, create, and customize in Animal Crossing: New Horizons. Your island getaway has a wealth of natural resources that can be used to craft everything from tools to creature comforts. You can hunt down insects at the crack of dawn, decorate your paradise throughout the day, or enjoy sunset on the beach while fishing in the ocean. The time of day and season match real life, so each day on your island is a chance to check in and find new surprises all year round."
51,Sekiro: Shadows Die Twice,2019,"FromSoftware, Activision","Windows PC, PlayStation 4, Xbox One, Google Stadia",4.5,average: 51h | to finish: 33h | to master: 63h,7.7K,12K,Adventure,"Sekiro: Shadows Die Twice is an action-adventure game set in a reimagined late 1500s Sengoku-era Japan. Players control Wolf, a shinobi on a mission to rescue his kidnapped lord and seek revenge on his enemies. The game emphasizes precise sword combat, stealth, and mobility, replacing traditional RPG elements with a posture-based dueling system."
52,Super Mario Galaxy,2007,"Nintendo Entertainment Analysis & Development, Nintendo","Wii U, Wii",4.4,average: 27h | to finish: 16h | to master: 38h,5.9K,9.3K,"Adventure, Platform","A 3D platformer and first Wii entry in the Super Mario franchise, Super Mario Galaxy sees Mario jump across planets and galaxies with varying items, enemies, geographies and gravity mechanics in order to reach his enemy Bowser, who has attacked the Mushroom Kingdom and hijacked Princess Peach's castle with her inside."
53,Plants vs. Zombies,2009,"PopCap Games, Electronic Arts","Windows PC, Mac, PlayStation Vita, Nintendo DSi, PlayStation 3, Xbox 360, Android, iOS, Windows Phone",3.9,average: 24h | to finish: 9h | to master: 39h,5.1K,6.6K,"Puzzle, Real Time Strategy, Strategy, Tactical","Plants vs. Zombies is a tower defense game in which players protect their suburban home from waves of approaching zombies by placing various plants on a grid-based lawn. Each plant has a unique defensive function, from shooting projectiles to blocking or exploding, while different zombie types require specific strategies to defeat. The game spans five stages across daytime, nighttime, backyard pool, fog, and rooftop settings, with additional puzzle, mini-game, and survival modes."
54,Baldur's Gate III,2023,Larian Studios,"Windows PC, Mac, Linux, PlayStation 5, Xbox Series X|S, Google Stadia",4.6,average: 141h | to finish: 118h | to master: 180h,11K,17K,"RPG, Strategy, Turn Based Strategy","An ancient evil has returned to Baldur's Gate, intent on devouring it from the inside out. The fate of Faerun lies in your hands. Alone, you may resist. But together, you can overcome."
55,Mario Kart Wii,2008,"Nintendo EAD Software Development Group No.1, Nintendo",Wii,4.0,average: 87h | to finish: 15h | to master: 69h,4.3K,6.2K,Racing,"Mario Kart Wii is a multiplayer-oriented racing game for the Wii, and the sixth main installment in the Mario Kart series. Mario Kart Wii retains the traditional item-based weaponry familiar with the franchise, where players can select a Mario franchise driver and themed vehicles. As with most racing games, the overarching goal is to place first among other competitors, through the usage of such items and taking the fastest routes to secure the leads. Several new key elements introduced to Mario Kart Wii include increasing the number of racers to 12 racers from 8 racers from previous entries in the series, as well as introducing a new type of vehicle to the franchise: bikes. The game takes advantage of features unique to the Wii, most notably its motion control capabilities. A Wii Wheel is included in most Mario Kart Wii packages, though the game is still compatible with other controllers. Game modes are also present such as the traditional Grand Prix, Versus, Battle, and Time Trial modes."
56,Wii Sports,2006,"Nintendo EAD Software Development Group No.2, Nintendo",Wii,3.9,average: 43h | to finish: -h | to master: -h,3.7K,5.5K,"Simulator, Sport","Wii Sports is a sports simulation game built around the motion controls of the Wii Remote. It collects five sports, tennis, baseball, bowling, golf, and boxing, played by moving the controller to mimic real actions such as swinging a racket or rolling a ball. The rules are simplified for accessibility, and players compete against the computer or each other, using customizable avatars. Additional training and fitness modes let players practice individual skills and track their progress over time."
57,The Last of Us Part II,2020,"Naughty Dog, Sony Interactive Entertainment","PlayStation 5, PlayStation 4",4.3,average: 38h | to finish: 26h | to master: 48h,8.6K,13K,"Adventure, Shooter","The Last of Us Part II is an action-adventure game set five years after the events of The Last of Us. The player traverses post-apocalyptic environments such as buildings and forests to advance the story. They can use firearms, improvised weapons, and stealth to defend against hostile humans and cannibalistic creatures infected by a mutated strain of the Cordyceps fungus. The game intermittently switches control between Ellie and Abby, and also briefly Joel in the opening sequence. The nimble nature of the player character introduces platforming elements, allowing the player to jump and climb to traverse environments and gain advantages during combat."
58,Super Mario 64,1996,"Nintendo Entertainment Analysis & Development, Nintendo","Wii U, Wii, Nintendo 64",4.2,average: 20h | to finish: 11h | to master: 17h,6K,7.3K,"Adventure, Platform","Mario is super in a whole new way! Combining the finest 3-D graphics ever developed for a video game and an explosive soundtrack, Super Mario 64 becomes a new standard for video games. It's packed with bruising battles, daunting obstacle courses, and underwater adventures. Retrieve the Power Stars from their hidden locations and confront your arch-nemesis— Bowser, King of the Koopas! • Run freely in a grassy meadow, tip-toe through a gloomy dungeon, climb to the top of a mountain, or take a swim in the moat! • Leap headfirst into a watery painting and soon you'll be searching for the surface in an underwater realm! • On-the-fly, 3-D rendered gameplay delivers the action of ruthless enemy attacks from every angle! • Find the Caps that give Mario super powers and ponder the mysteries of the pyramid; you can even race Koopas for fabulous prizes! • With the Nintendo 64 Controller and its analog Control Stick, Mario can crawl, kick down obstacles, swim, do reverse flips, and even stick the landing on his backwards somersault! • Saved game information is stored for up to four players in memory."
59,Assassin's Creed II,2009,"Ubisoft Montreal, Ubisoft Entertainment","Windows PC, Mac, PlayStation 3, Xbox 360",4.0,average: 26h | to finish: 24h | to master: 33h,3.8K,7K,"Adventure, Platform","Discover an intriguing and epic story of power, revenge and conspiracy set during a pivotal moment in history: the Italian Renaissance. Experience the freedom and immersion of an all new open world and mission structure with settings such as the rooftops and canals of beautiful Venice. Your options in combat, assassination and escape are vast, with many new weapons, settings and gameplay elements."
60,It Takes Two,2021,"Hazelight Studios, Electronic Arts","Windows PC, PlayStation 5, Xbox Series X|S, Nintendo Switch, PlayStation 4, Xbox One",4.2,average: 14h | to finish: 13h | to master: 13h,7.3K,8.8K,"Adventure, Platform, Puzzle","It Takes Two is a cooperative action-adventure game designed exclusively for two players, playable in local split-screen or online. Players control Cody and May, a married couple transformed into dolls, as they travel through fantastical environments based on their home and relationship. Gameplay combines platforming, puzzle-solving, and action sequences, with each level introducing new mechanics and giving the two characters different abilities that must be used together to progress. The game frequently changes its core mechanics from chapter to chapter, incorporating sections involving shooting, racing, flight, and other genres."
61,Persona 5 Royal,2019,"P Studio, Sega","Windows PC, PlayStation 5, Xbox Series X|S, Nintendo Switch, PlayStation 4, Xbox One",4.5,average: 121h | to finish: 116h | to master: 127h,11K,15K,"Adventure, RPG","Persona 5 Royal is an enhanced version of the turn-based role-playing game Persona 5, set in modern-day Tokyo. Players control a high school student who leads a group of secret vigilantes called the Phantom Thieves of Hearts, exploring supernatural dungeons called Palaces to change the hearts of corrupt adults. The game combines dungeon crawling and turn-based combat with social simulation elements, where players manage daily activities, build relationships, and develop character statistics across a school year. Royal adds new characters, a third semester, an additional Palace, new music, and expanded story content to the original game."
62,Grand Theft Auto IV,2008,"Rockstar North, Rockstar Games","Windows PC, PlayStation 3, Xbox 360",4.0,average: 39h | to finish: 28h | to master: 91h,4.6K,6.9K,"Adventure, Racing, Shooter","Grand Theft Auto IV is an action-adventure video game developed by Rockstar North and published by Rockstar Games. It is the eleventh title in the Grand Theft Auto series, and the first main entry since 2004's Grand Theft Auto: San Andreas. The game is played from a third-person perspective and its world is navigated on-foot or by vehicle. Throughout the single-player mode, players play as Niko Bellic. An online multiplayer mode is included with the game, allowing up to 32 players to engage in both co-operative and competitive gameplay in a recreation of the single-player setting. Two expansion packs were later released for the game, The Lost and Damned and The Ballad of Gay Tony, which both feature new plots that are interconnected with the main Grand Theft Auto IV storyline, and follow new protagonists."
63,Borderlands 2,2012,"Gearbox Software, 2K Games","Windows PC, Mac, Linux, Nintendo Switch, PlayStation 4, PlayStation Vita, Xbox One, PlayStation 3, Xbox 360, Android",3.7,average: 75h | to finish: 30h | to master: 108h,4.3K,4.9K,"RPG, Shooter","A new era of shoot and loot is about to begin. Play as one of four new vault hunters facing off against a massive new world of creatures, psychos and the evil mastermind, Handsome Jack. Make new friends, arm them with a bazillion weapons and fight alongside them in 4 player co-op on a relentless quest for revenge and redemption across the undiscovered and unpredictable living planet."
64,The Legend of Zelda: Tears of the Kingdom,2023,"Nintendo EPD Production Group No. 3, Nintendo",Nintendo Switch,4.3,average: 111h | to finish: 114h | to master: 274h,9.9K,11K,"Adventure, Puzzle","An epic adventure across the land and skies of Hyrule awaits in The Legend of Zelda: Tears of the Kingdom for Nintendo Switch. The adventure is yours to create in a world fueled by your imagination. In this sequel to The Legend of Zelda: Breath of the Wild, you'll decide your own path through the sprawling landscapes of Hyrule and the mysterious islands floating in the vast skies above. Can you harness the power of Link's new abilities to fight back against the malevolent forces that threaten the kingdom?"
65,Dark Souls: Remastered,2018,"QLOC, Bandai Namco Entertainment","Windows PC, Nintendo Switch, PlayStation 4, Xbox One",4.3,average: 56h | to finish: 37h | to master: 92h,8.2K,11K,"Adventure, RPG","Dark Souls Remastered is a remastered version of the original game Dark Souls. The updated version of the game features graphical enhancements, an expanded online mode, and the Artorias of the Abyss DLC."
66,Uncharted 4: A Thief's End,2016,"Naughty Dog, Sony Interactive Entertainment",PlayStation 4,4.3,average: 25h | to finish: 16h | to master: 49h,4.6K,9.2K,"Adventure, Shooter","Several years after his last adventure, retired fortune hunter, Nathan Drake, is forced back into the world of thieves. With the stakes much more personal, Drake embarks on a globe-trotting journey in pursuit of a historical conspiracy behind a fabled pirate treasure. His greatest adventure will test his physical limits, his resolve, and ultimately what he's willing to sacrifice to save the ones he loves."
67,Resident Evil 3,2020,"Capcom Development Division 1, Capcom","Windows PC, Mac, PlayStation 5, Xbox Series X|S, PlayStation 4, Xbox One, iOS",3.2,average: 9h | to finish: 5h | to master: 18h,9.7K,5.5K,"Adventure, Shooter","Resident Evil 3 is a remake of the original Resident Evil 3: Nemesis released in 1999. It updates the story and gameplay for a modern audience. Like the Resident Evil 2 remake, the game uses over-the-shoulder third person point of view similar to Resident Evil 4 and later installments. Players will spend most of their time playing as Jill Valentine, although on some occasions they will assume the role of Carlos Oliveira, giving him more screen time as a deuteragonist."
68,BioShock Infinite,2013,"Irrational Games, 2K Games","Windows PC, Mac, Linux, PlayStation 4, Xbox One, PlayStation 3, Xbox 360",3.7,average: 16h | to finish: 13h | to master: -h,4.4K,5.6K,"Adventure, Shooter","BioShock Infinite is the third game in the BioShock series. It is not a direct sequel/prequel to any of the previous BioShock games but takes place in an entirely different setting, although it shares similar features, gameplay and concepts with the previous games. BioShock Infinite features a range of environments that force the player to adapt, with different weapons and strategies for each situation. Interior spaces feature close combat with enemies, but unlike previous games set in Rapture, the setting of Infinite contains open spaces with emphasis on sniping and ranged combat against as many as fifteen enemies at once."
69,God of War Ragnarök,2022,"SIE Santa Monica Studio, Sony Interactive Entertainment","Windows PC, PlayStation 5, PlayStation 4",4.3,average: 46h | to finish: 38h | to master: 60h,7.9K,10K,"Adventure, Brawler, RPG","God of War: Ragnarök is the ninth installment in the God of War series and the sequel to 2018's God of War. Continuing with the Norse mythology theme, the game is set in ancient Norway and features series protagonists Kratos, the former Greek God of War, and his young son Atreus. The game kicked off the events of Ragnarök, where Kratos and Atreus must journey to each of the Nine Realms in search of answers as they prepare for the prophesied battle that will end the world."
70,Ghost of Tsushima,2020,"Sucker Punch Productions, Sony Interactive Entertainment","PlayStation 5, PlayStation 4",4.2,average: 52h | to finish: 46h | to master: 58h,5.8K,9.4K,"Adventure, Brawler, RPG","Uncover the hidden wonders of Tsushima in this open-world action adventure. Forge a new path and wage an unconventional war for the freedom of Tsushima. Challenge opponents with your katana, master the bow to eliminate distant threats, develop stealth tactics to ambush enemies in order to win over the mongols."
71,Life Is Strange,2015,"DON'T NOD, Feral Interactive","Windows PC, Mac, Linux, PlayStation 4, Xbox One, PlayStation 3, Xbox 360, Android, iOS",3.9,average: 17h | to finish: 15h | to master: 17h,6.8K,9.9K,"Adventure, Indie, Puzzle","Life Is Strange is a five part episodic game that sets out to revolutionize story based choice and consequence games by allowing the player to rewind time and affect the past, present and future."
72,Call of Duty: Modern Warfare 2,2009,"Infinity Ward, Activision","Windows PC, Mac, PlayStation 3, Xbox 360",4.0,average: 49h | to finish: 6h | to master: -h,3.1K,5.5K,Shooter,"Call of Duty: Modern Warfare 2 is a first-person shooter video game developed by Infinity Ward and published by Activision for the Xbox 360 and PlayStation 3 video game consoles and the Microsoft Windows operating system. Officially announced on February 11, 2009, the game was released worldwide on November 10, 2009. It is the sixth installment of the Call of Duty series and the direct sequel to Call of Duty 4: Modern Warfare, continuing the same storyline, with Call of Duty: Modern Warfare 3 set to end the storyline."
73,BioShock,2007,"2K Boston, 2K Games","Windows PC, Mac, PlayStation 3, Xbox 360",4.1,average: 14h | to finish: 13h | to master: -h,3.8K,6.6K,"Adventure, Puzzle, RPG, Shooter","BioShock is a horror-themed first-person shooter set in a steampunk underwater dystopia. The player is urged to turn everything into a weapon: biologically modifying their own body with Plasmids, hacking devices and systems, upgrading their weapons, crafting new ammo variants, and experimenting with different battle techniques are all possible. The game is described by the developers as a spiritual successor to their previous PC title System Shock 2. BioShock received high praise in critical reviews for its atmospheric audio and visual quality, absorbing and original plot and its unique gaming experience."
74,Resident Evil Village,2021,"Capcom Development Division 1, Capcom","Windows PC, Mac, Nintendo Switch 2, PlayStation 5, Xbox Series X|S, PlayStation 4, Xbox One, Google Stadia, iOS",3.9,average: 16h | to finish: 11h | to master: 44h,8K,8.7K,"Adventure, Shooter","Resident Evil Village is a first-person survival horror game and the sequel to Resident Evil 7: Biohazard. The game maintains elements from previous Resident Evil games, with players having to scavenge environments for items and manage their resources. However, it adds more action-oriented gameplay, with higher enemy counts and a greater emphasis on combat."
75,Fallout: New Vegas,2010,"Obsidian Entertainment, Bandai Namco Entertainment","Windows PC, PlayStation 3, Xbox 360",4.4,average: 79h | to finish: 50h | to master: 129h,6.7K,9.6K,"RPG, Shooter","In this first-person Western RPG, the player takes on the role of Courier 6, barely surviving after being robbed of their cargo, shot and put into a shallow grave by a New Vegas mob boss. The Courier sets out to track down their robbers and retrieve their cargo, and winds up getting tangled in the complex ideological and socioeconomic web of the many factions and settlements of post-nuclear Nevada."
76,Call of Duty: Black Ops II,2012,"Treyarch, Square Enix","Windows PC, PlayStation 5, PlayStation 4, PlayStation 3, Xbox 360",4.0,average: 93h | to finish: 7h | to master: -h,4K,5.9K,Shooter,"Pushing the boundaries of what fans have come to expect from the record-setting entertainment franchise, Call of Duty: Black Ops II propels players into a near future, 21st Century Cold War, where technology and weapons have converged to create a new generation of warfare between old and new foes. In this conflict, the mechanized creations of men reign supreme, facing off against each other as their creators stay safe and unconflicted, and in the process grow ever softer. In this scenario an important question will be asked: What happens when an enemy steals the keys to your war? To understand such a possible future, you must understand where you have been."
77,Call of Duty: Black Ops,2010,"Treyarch, Square Enix","Windows PC, Mac, PlayStation 5, PlayStation 4, PlayStation 3, Xbox 360",3.9,average: 42h | to finish: 7h | to master: 38h,3.3K,5.1K,Shooter,"Call of Duty: Black Ops is the seventh main Call of Duty game and the sequel to Call of Duty: World at War. The game differs from most previous installments, which would involve a usual three-country campaign, while Call of Duty: Black Ops features two playable countries (Russia and the USA) but only has an American campaign. Several new features are also introduced, such as dive-to-prone and the available use of a flashlight on certain weapons. Furthermore, the campaign's playable characters now speak while being controlled by the player. Extra game included within: + Zork (Apple II)"
78,NieR: Automata,2017,"PlatinumGames, Square Enix","Windows PC, PlayStation 4, Xbox One",4.3,average: 37h | to finish: 35h | to master: 55h,6.2K,8.9K,"Brawler, RPG","NieR: Automata tells the story of androids 2B, 9S and A2 and their battle to reclaim the machine-driven dystopia overrun by powerful machines."
79,Horizon Zero Dawn,2017,"Guerrilla Games, Sony Interactive Entertainment","Windows PC, PlayStation 5, PlayStation 4",3.5,average: 42h | to finish: 36h | to master: 58h,3.6K,4.2K,"Adventure, RPG, Shooter","Welcome to a vibrant world rich with the beauty of nature – but inhabited by awe-inspiring, highly advanced machines. As a young machine hunter named Aloy, you must unravel the mysteries of this world and find your own destiny."
80,The Legend of Zelda: Ocarina of Time,1998,"Nintendo Entertainment Analysis & Development, Nintendo","Wii U, Wii, 64DD, Nintendo 64",4.4,average: 29h | to finish: 27h | to master: 33h,5.4K,8.8K,"Adventure, Puzzle","The Legend of Zelda: Ocarina of Time is the fifth main installment of The Legend of Zelda series and the first to be released for the Nintendo 64. It was one of the most highly anticipated games of its age, and is listed among the greatest video games ever created by numerous websites and magazines. The gameplay of Ocarina of Time was revolutionary for its time, it has arguably made more of an impact on later games in the series than any of its predecessors even though they had the same cores of exploration, dungeons, puzzles and item usage. Among the gameplay mechanics, one of the most noteworthy is the time-traveling system. The game begins with the player controlling the child Link, but later on an adult Link becomes a playable character as well and each of them has certain unique abilities. Ocarina of Time also introduces the use of music to solve puzzles: as new songs are learned, they can be used to solve puzzles, gain access to new areas and warp to different locations. Dungeon exploration is somewhat more puzzle-oriented than in earlier games but they are not too complex."
81,Doom Eternal,2020,"id Software, Bethesda Softworks","Windows PC, PlayStation 5, Xbox Series X|S, Nintendo Switch, PlayStation 4, Xbox One, Google Stadia",4.2,average: 25h | to finish: 17h | to master: 64h,6.1K,7.2K,Shooter,"Doom Eternal is a first-person shooter developed by id Software and the sequel to Doom (2016). Players control the Doom Slayer as he fights to end a demonic invasion of Earth. Combat is built around aggressive resource management, where health, armor, and ammo are gained by executing, igniting, or chainsawing enemies. The game introduces platforming segments, destructible enemy weak points, an expanded weapon arsenal, and a multiplayer mode called Battlemode, where one player-controlled Slayer fights two player-controlled demons."
82,Half-Life 2,2004,"Valve, Electronic Arts","Windows PC, Mac, Linux, PlayStation 3, Xbox 360, Xbox, Android",4.4,average: 17h | to finish: 13h | to master: 24h,5.4K,8.4K,Shooter,"1998. HALF-LIFE sends a shock through the game industry with its combination of pounding action and continuous, immersive storytelling. NOW. By taking the suspense, challenge and visceral charge of the original, and adding startling new realism and responsiveness, Half-Life 2 opens the door to a world where the player's presence affects everything around them, from the physical environment to the behaviors even the emotions of both friends and enemies."
83,League of Legends,2009,"Riot Games, Tencent Holdings","Windows PC, Mac",2.4,average: 1925h | to finish: -h | to master: -h,7.8K,2.6K,"MOBA, RPG, Strategy","League of Legends is a fast-paced, competitive online game that blends the speed and intensity of an RTS with RPG elements. Two teams of powerful champions, each with a unique design and playstyle, battle head-to-head across multiple battlefields and game modes. With an ever-expanding roster of champions, frequent updates and a thriving tournament scene, League of Legends offers endless replayability for players of every skill level."
84,Super Smash Bros. Brawl,2008,"Sora, Nintendo",Wii,3.9,average: 123h | to finish: 10h | to master: -h,3.6K,5K,"Fighting, Platform","Super Smash Bros. Brawl is the third installment in the Super Smash Bros. series and the follow-up to Super Smash Bros. Melee. This edition introduces super attacks referred to as final smashes, as well as a brand-new adventure mode in The Subspace Emissary which is a side-scrolling adventure in the style of a platformer. It retains all basic mechanics of the Super Smash Bros. series, such as a damage meter, stocks, and Smash-style attacks."
85,Dishonored,2012,"Arkane Studios, Bethesda Softworks","Windows PC, PlayStation 3, Xbox 360",4.1,average: 20h | to finish: 13h | to master: 31h,3.8K,6.4K,"Adventure, Puzzle, RPG","Dishonored is an immersive first-person action game that casts you as a supernatural assassin driven by revenge. With Dishonored’s flexible combat system, creatively eliminate your targets as you combine the supernatural abilities, weapons and unusual gadgets at your disposal. Pursue your enemies under the cover of darkness or ruthlessly attack them head on with weapons drawn. The outcome of each mission plays out based on the choices you make."
86,Red Dead Redemption,2010,"Rockstar San Diego, Rockstar Games","Windows PC, PlayStation 3, Xbox 360",4.2,average: 27h | to finish: 23h | to master: 93h,4K,7.7K,"Adventure, RPG, Shooter","A modern-day Western epic, Red Dead Redemption takes John Marston, a relic from the fast-closing time of the gunslinger, through an open world filled with wildlife, mini-games, and shootouts. Marston sets out to hunt down his old gang mates for the government, who have taken away his family. Along his journey, he meets many characters emblematic of the Wild West, heroism, and the new civilization."
87,New Super Mario Bros.,2006,"Nintendo, iQue","Wii U, Nintendo DS",3.7,average: 17h | to finish: 7h | to master: 16h,3.4K,3.8K,"Adventure, Platform","New Super Mario Bros. is a side-scrolling 2.5D action-adventure platformer game for the Nintendo DS, starring Mario and Luigi. The game features a solo story mode with Mario or Luigi, a two-player wireless game Mario Vs. Luigi, as well as a minigame mode for up to four players. The gameplay of New Super Mario Bros. is very much like that of the classic 2D platformers, mostly Super Mario Bros. and Super Mario Bros. 3, and substantially builds upon them to create gameplay both classic and contemporary. As the game is on DS, the touch screen allows players to store an additional power-up and view the distance still to go in a level."
88,Titanfall 2,2016,"Respawn Entertainment, Electronic Arts","Windows PC, PlayStation 4, Xbox One",4.2,average: 17h | to finish: 6h | to master: 20h,5.6K,7.2K,"Adventure, Shooter","Titanfall 2 is a first-person shooter with both a single-player campaign and competitive multiplayer. The campaign follows a Militia rifleman who bonds with a Titan, a large bipedal mech, after his pilot is killed. Gameplay combines fast-paced infantry movement, including wall-running and double-jumping, with sections where the player controls the Titan in combat. Multiplayer features team-based modes with players fighting as both Pilots and Titans on the same battlefield."
89,Pokémon Emerald Version,2004,"Game Freak, Nintendo",Game Boy Advance,4.2,average: 63h | to finish: 33h | to master: 70h,4.1K,6.2K,"Adventure, RPG, Turn Based Strategy","Pokémon Emerald Version is a sister game to Pokémon Ruby and Sapphire. Emerald Version provided the main storyline with more depth and length, as well as making small aesthetic changes to the world and adding unique animations for each Pokémon."
90,Hotline Miami,2012,"Dennaton Games, Devolver Digital","Windows PC, Mac, Linux, PlayStation 5, Xbox Series X|S, Nintendo Switch, PlayStation 4, PlayStation Vita, Xbox One, PlayStation 3, Android, Google Stadia",4.0,average: 8h | to finish: 5h | to master: 14h,5.4K,6.8K,"Arcade, Indie, Shooter","A top-down slasher/shooter with unlockable gameplay-altering masks and weapons, featuring a neon-flavoured electronic aesthetic, in which a hitman receives anonymous calls ordering him to travel to certain residences and crime dens and massacre those within, as he stumbles through unreal visions and inconsistencies without any answers to how, why or who."
91,Pokémon FireRed Version,2004,"Game Freak, Nintendo","Nintendo Switch, Game Boy Advance",3.9,average: 40h | to finish: 28h | to master: 102h,4K,5.2K,"Adventure, RPG, Turn Based Strategy","Pokémon FireRed Version and Pokémon LeafGreen Version are a pair of core series Generation III games that are set in the Kanto region. They were released in Japan on January 29, 2004, in North America on September 9, 2004, in Australia on September 23, 2004 and in Europe on October 1, 2004. As the first remakes in the Pokémon franchise, the games revisit the original pair of Pokémon games, Pokémon Red and Green Versions, and so feature all of the characters, plot elements, and challenges of them, but with several important upgrades to bring them up to speed with other Generation III games. The Game Boy Advance Wireless Adapter was initially included with the games when they were first released, eliminating the need for Game Link Cables when trading between the two games (and later Pokémon Emerald Version). In later copies, it was sold separately. FireRed and LeafGreen went on to become the second best-selling games of the Game Boy Advance, only behind Pokémon Ruby and Sapphire Versions. They also received Nintendo's Player's Choice awards."
92,Marvel's Spider-Man 2,2023,"Insomniac Games, Sony Interactive Entertainment","Windows PC, PlayStation 5",3.9,average: 28h | to finish: 22h | to master: 29h,8.8K,7.8K,"Adventure, Brawler","Marvel's Spider-Man 2 is an action-adventure game developed by Insomniac Games and published by Sony Interactive Entertainment. Released in October 2023 exclusively for the PlayStation 5, it is a direct sequel to Marvel's Spider-Man (2018) and Marvel's Spider-Man: Miles Morales (2020). The game continues the story of Peter Parker and Miles Morales as they face new challenges and threats in New York City. In Marvel's Spider-Man 2, players can switch between Peter and Miles, each with unique abilities and combat styles. The game introduces new villains, including Kraven the Hunter and Venom, while expanding the open-world environment with more detailed and interactive elements."
93,Overwatch,2023,Blizzard Entertainment,"Windows PC, Nintendo Switch 2, PlayStation 5, Xbox Series X|S, Nintendo Switch, PlayStation 4, Xbox One",2.5,average: 261h | to finish: 236h | to master: -h,6.4K,2.6K,Shooter,"Overwatch is a free-to-play first-person hero shooter developed by Blizzard Entertainment. Players choose from a large roster of role-based heroes and compete in 5v5 team matches across various objective-based game modes, with both casual and ranked competitive play. Originally released as Overwatch 2 in 2023 as a successor to the 2016 original, the game was rebranded to simply Overwatch in 2026 with a renewed focus on seasonal narrative content and expanded hero rosters."
94,Genshin Impact,2020,"miHoYo, Cognosphere","Windows PC, PlayStation 5, Xbox Series X|S, PlayStation 4, Android, iOS",2.6,average: 448h | to finish: 563h | to master: -h,6.8K,2.4K,"Adventure, RPG","Genshin Impact is an open-world action RPG, where you embark on a journey across Teyvat to find your lost sibling and seek answers from The Seven, the gods of each element. Explore this wondrous world, join forces with a diverse range of characters, and unravel the countless mysteries that Teyvat holds..."
95,Team Fortress 2,2007,"Valve, Electronic Arts","Windows PC, Mac, Linux, PlayStation 3, Xbox 360",3.9,average: 430h | to finish: 520h | to master: -h,4.8K,4.9K,Shooter,"One of the most popular online action games of all time, Team Fortress 2 delivers constant free updates—new game modes, maps, equipment and, most importantly, hats. Nine distinct classes provide a broad range of tactical abilities and personalities, and lend themselves to a variety of player skills."
96,Assassin's Creed,2007,"Ubisoft Montreal, Ubisoft Entertainment","PlayStation 3, Xbox 360",3.2,average: 16h | to finish: 15h | to master: 30h,2.8K,2.8K,"Adventure, Platform","Assassin's Creed is a non-linear action-adventure video game, during which the player controls a 12th-century Levantine Assassin named Altaïr Ibn-La'Ahad during the Third Crusade, whose life is experienced through the Animus by his 21st century descendant, Desmond Miles."
97,Apex Legends,2019,"Respawn Entertainment, Electronic Arts","Windows PC, Nintendo Switch 2, PlayStation 5, Xbox Series X|S, Nintendo Switch, PlayStation 4, Xbox One",3.0,average: 222h | to finish: 42h | to master: 247h,3.7K,1.9K,"Shooter, Tactical","Conquer with character in Apex Legends, a free-to-play Hero shooter where legendary characters with powerful abilities team up to battle for fame & fortune on the fringes of the Frontier. Master an ever-growing roster of diverse Legends, deep tactical squad play and bold new innovations that go beyond the Battle Royale experience—all within a rugged world where anything goes. Welcome to the next evolution of Hero Shooter."
98,Super Mario World,1990,"Nintendo Entertainment Analysis & Development, Nintendo","New Nintendo 3DS, Wii U, Wii, Super Famicom, Super Nintendo Entertainment System, Arcade",4.3,average: 7h | to finish: 5h | to master: 10h,4.5K,6.1K,"Adventure, Platform","A 2D platformer and first entry on the SNES in the Super Mario franchise, Super Mario World follows Mario as he attempts to defeat Bowser's underlings and rescue Princess Peach from his clutches. The game features a save system, a less linear world map, an expanded movement arsenal and numerous new items for Mario, alongside new approaches to level design and art direction."
99,Super Mario Bros.,1985,"Nintendo R&D4, Nintendo","Nintendo 3DS, Wii U, Wii, Family Computer, Family Computer Disk System, NES, Arcade",3.5,average: 3h | to finish: 2h | to master: 6h,4.3K,3.3K,"Adventure, Platform","A side scrolling 2D platformer and first entry in the Super Mario franchise, Super Mario Bros. follows Italian plumber Mario as he treks across many levels of platforming challenges featuring hostile enemies to rescue Princess Peach from the evil king Bowser."
100,Chrome Dino,2014,Google,Web browser,3.5,average: 73393h | to finish: -h | to master: -h,4K,2.3K,Arcade,Chrome Dino is a game easter egg in Google's Chrome web browser. It can be played by touching over the dinosaur or pressing the space bar when your internet connection goes down or by accessing chrome://dino/ on the web browser. The game is an endless runner. The objective is to jump over cacti an avoid pterodactyls flying in your direction.
101,Devil May Cry 5,2019,"Capcom Development Division 1, Capcom","Windows PC, Nintendo Switch 2, PlayStation 4, Xbox One",4.2,average: 22h | to finish: 12h | to master: 132h,5.6K,6.5K,"Adventure, Brawler","Devil May Cry 5 is a brand-new entry in the legendary over-the-top action series Devil May Cry. The game features three playable characters, each with a radically different stylish combat play style as they take on the city overrun with demons. Developed with Capcom’s in-house proprietary RE engine, the series continues to achieve new heights in fidelity with graphics that utilize photorealistic character designs and stunning lighting and environmental effects."
102,Dying Light,2015,"Techland, WB Games","Windows PC, Mac, Linux, PlayStation 5, Xbox Series X|S, PlayStation 4, Xbox One",3.8,average: 38h | to finish: 23h | to master: 97h,4.2K,5K,"Adventure, RPG, Shooter","Dying Light is a first-person, action survival horror game set in a vast and dangerous open world. During the day, players traverse an expansive urban environment overrun by a vicious outbreak, scavenging the world for supplies and crafting weapons to defend against the growing infected population. At night, the hunter becomes the hunted, as the infected become aggressive and more dangerous. Most frightening are the predators which only appear after sundown. Players must use everything in their power to survive until the morning’s first light."
103,Half-Life,1998,"Valve, Sierra Entertainment","Windows PC, Mac, Linux",4.1,average: 12h | to finish: 11h | to master: 15h,5.2K,6.3K,"Adventure, Puzzle, Shooter","Half-Life is a 1998 first-person shooter (FPS) game developed by Valve Corporation and published by Sierra Studios for Windows. It was Valve's debut product and the first game in the Half-Life series. The player assumes the role of Gordon Freeman, a theoretical physicist who must escape from the Black Mesa Research Facility after it is overrun by aliens following a disastrous scientific experiment. Its gameplay consists of diverse combat, exploration and puzzles."
104,Limbo,2010,"Playdead, Microsoft Game Studios","Windows PC, Mac, Linux, Nintendo Switch, PlayStation 4, PlayStation Vita, Xbox One, PlayStation 3, Xbox 360, Android, iOS",3.5,average: 4h | to finish: 3h | to master: 4h,2.9K,3.4K,"Adventure, Indie, Platform, Puzzle",Limbo is a black and white puzzle-platforming adventure. Players take the role of a young boy traveling through an eerie and treacherous world in an attempt to discover the fate of his sister.
105,Assassin's Creed III,2012,"Ubisoft Montreal, Ubisoft Entertainment","Windows PC, Wii U, PlayStation 3, Xbox 360",3.3,average: 31h | to finish: 24h | to master: 65h,2.2K,3K,Adventure,"Assassin's Creed III is an open-world action-adventure game set primarily in 18th-century Colonial America during the American Revolution. Players control two characters across the story: Haytham Kenway, a British Templar operating during the French and Indian War, and his half-Mohawk son Ratonhnhaké:ton (also known as Connor), who becomes an Assassin. Gameplay takes place across Boston, New York City, and a large wilderness frontier, with free-running, stealth, and combat using weapons including tomahawks, muskets, bows, and the series' signature Hidden Blades. The game introduces naval combat through Connor's captaining of a warship, as well as hunting, a homestead economy system, and seasonal weather that affects gameplay. A modern-day framing narrative follows Desmond Miles using the Animus to relive his ancestors' memories."
106,Mario Kart DS,2005,"Nintendo EAD Software Development Group No.1, Nintendo","Wii U, Nintendo DS",3.8,average: 31h | to finish: 17h | to master: -h,2.7K,3.8K,"Arcade, Racing","Mario Kart DS is the continuation of the long running racing game series that began on the Super Nintendo. It features 16 new tracks as well as 16 tracks from the previous 4 games, with each set split up into the Nitro and Retro Grand Prix respectively. Eight racers are initially available, each with two go-karts to choose from. A number of characters and additional karts are also available to unlock. New items have been added to the arsenal, including a Blooper squid that squirts ink onto the screens of other players and a Bullet Bill power up that transforms the player into a giant, fast-travelling bullet on autopilot."
107,Stray,2022,"BlueTwelve Studio, Annapurna Interactive","Windows PC, Mac, Nintendo Switch 2, PlayStation 5, Xbox Series X|S, Nintendo Switch, PlayStation 4, Xbox One",3.7,average: 7h | to finish: 6h | to master: 12h,6.3K,5.9K,"Adventure, Indie, Platform","Stray is a third-person cat adventure game set amidst the detailed neon-lit alleys of a decaying cybercity and the murky environments of its seedy underbelly. Roam surroundings high and low, defend against unforeseen threats and solve the mysteries of this unwelcoming place inhabited by nothing but unassuming droids and dangerous creatures. See the world through the eyes of a stray and interact with the environment in playful ways. Be stealthy, nimble, silly, and sometimes as annoying as possible with the strange inhabitants of this foreign world."
108,Doki Doki Literature Club!,2017,"Team Salvato, Serenity Forge","Windows PC, Mac, Linux, Android, iOS",3.5,average: 6h | to finish: 4h | to master: 8h,5.1K,4.3K,"Adventure, Indie, Visual Novel",The Literature Club is full of cute girls! Will you write the way into their heart? This game is not suitable for children or those who are easily disturbed.
109,Counter-Strike: Global Offensive,2012,Valve,"Windows PC, Mac, Linux, PlayStation 3, Xbox 360",3.5,average: 497h | to finish: 1165h | to master: -h,3.2K,2.6K,"Shooter, Tactical","Counter-Strike: Global Offensive is a team-based multiplayer first-person shooter developed by Valve and Hidden Path Entertainment. Two teams, Terrorists and Counter-Terrorists, compete in objective-based rounds across various game modes including bomb defusal, hostage rescue, and deathmatch. The game features an economy system where players purchase weapons and equipment at the start of each round based on performance in previous rounds. Competitive matchmaking, community servers, and a robust skin trading ecosystem support a large active player base."
110,Grand Theft Auto: Vice City,2002,"Rockstar North, Rockstar Games","Windows PC, Mac, PlayStation 3, PlayStation 2, Xbox",3.9,average: 24h | to finish: 17h | to master: 34h,2.4K,4.5K,"Adventure, Arcade, Racing, Shooter","In the year 1986, Tommy Vercetti is heavily indebted to his mafia superiors after a drug deal gone awry, but his dreams of taking over Vice City (based on Miami) push him down a different path. Featuring a wide variety of vehicles and weapons, radio stations playing hit songs from the era and an intense atmosphere, GTA: Vice City is an open-world sandbox satire of '80's Miami."
111,Metal Gear Rising: Revengeance,2013,"PlatinumGames, Konami","Windows PC, Mac, PlayStation 3, Xbox 360",4.1,average: 13h | to finish: 8h | to master: -h,6.4K,6.5K,"Adventure, Brawler, Shooter, Strategy","Developed by Kojima Productions and PlatinumGames, Metal Gear Rising: Revengeance takes the renowned Metal Gear franchise into exciting new territory with an all-new action experience. The game seamlessly melds pure action and epic story-telling that surrounds Raiden – a child soldier transformed into a half-human, half-cyborg ninja who uses his High Frequency katana blade to cut through any thing that stands in his vengeful path! A huge success on both Xbox 360 and PlayStation3, Metal Gear Rising: Revengeance comes to PC with all the famed moves and action running within a beautifully-realized HD environment. This new PC version includes all three DLC missions: Blade Wolf, Jetstream, and VR Missions, in addition to all customized body upgrades for Raiden, including: White Armor, Inferno Armor, Commando Armor, Raiden’s MGS4 body, and the ever-popular Cyborg Ninja. ""CUTSCENES"" option added to the Main Menu. Play any and all cutscenes. ""CODECS"" option added to the Main Menu. Play all and any codec conversation scenes. Menu option added to the CHAPTER Menu enabling user to play only the Boss battles. ""GRAPHIC OPTIONS"" added to the OPTIONS Menu. Modify resolution, anti-aliasing, etc. There is an option reading ""ZANGEKI"" that will modify the amount of cuts you can make."
112,Vampire Survivors,2022,Poncle,"Windows PC, Mac, Linux, PlayStation 5, Xbox Series X|S, Nintendo Switch, PlayStation 4, Xbox One, Android, iOS",3.7,average: 34h | to finish: 31h | to master: 77h,4.6K,4.3K,"Adventure, Arcade, Indie, RPG","Mow thousands of night creatures and survive until dawn! Vampire Survivors is a gothic horror casual game with rogue-lite elements, where your choices can allow you to quickly snowball against the hundreds of monsters that get thrown at you."
113,Watch Dogs,2014,"Ubisoft Montreal, Ubisoft Entertainment","Windows PC, PlayStation 4, Wii U, Xbox One, PlayStation 3, Xbox 360, Google Stadia",3.2,average: 30h | to finish: 29h | to master: 61h,3.2K,3.2K,"Adventure, Shooter","Set in Chicago, where a central network of computers connects everyone and everything, Watch Dogs explores the impact of technology within our society. Using the city as your weapon, you will embark on a personal mission to inflict your own brand of justice. Chicago's overarching network is known as the Central Operating System (ctOS), and it controls almost all of the city's technology and information - including key data on all of the city's residents."
114,The Walking Dead,2012,"Telltale Games, Sony Computer Entertainment","Windows PC, Mac, Linux, Nintendo Switch, PlayStation 4, PlayStation Vita, Xbox One, PlayStation 3, Xbox 360, Android, iOS",4.2,average: 14h | to finish: 13h | to master: 14h,3.6K,7.2K,"Adventure, Point-and-Click, Puzzle","The Walking Dead: Season One (also known as The Walking Dead: The Game) is an episodic interactive drama graphic adventure video game developed and published by Telltale Games. Based on Robert Kirkman's The Walking Dead comic book series, the game consists of five episodes, released between April and November 2012. It is available for Android, iOS, Kindle Fire HDX, Microsoft Windows, Mac OS X, PlayStation 3, PlayStation Vita, Xbox 360, PlayStation 4 and Xbox One. The game is the first of The Walking Dead video game series published by Telltale."
115,Yakuza 0,2015,"Sega Games, Sega","Windows PC, PlayStation 4, Xbox One, PlayStation 3",4.4,average: 61h | to finish: 54h | to master: 153h,6.8K,8K,"Adventure, Brawler, RPG, Simulator","Yakuza 0 is an action-adventure beat 'em up and a prequel to the Yakuza series, set in 1988 Japan during the country's economic bubble era. The game follows two protagonists: Kazuma Kiryu in Tokyo's Kamurocho district and Goro Majima in Osaka's Sotenbori district. Players alternate between their stories as they navigate the criminal underworld, engaging in street fights using multiple switchable combat styles, managing businesses, and participating in a wide variety of side activities and minigames. The game is largely credited with bringing the long-running franchise to mainstream Western attention."
116,Call of Duty 4: Modern Warfare,2007,"Infinity Ward, Activision","Windows PC, Mac, PlayStation 3, Xbox 360",3.9,average: 20h | to finish: 5h | to master: -h,2K,3.7K,"Shooter, Simulator","Call of Duty 4: Modern Warfare differs from previous installments of the Call of Duty series. Previous Call of Duty games have a distinct three country-specific campaign style, while Call of Duty 4 has a more film-like plot with interlaced story lines from the perspectives of Sgt. Paul Jackson of the Marines 1st Force Recon and Sgt. 'Soap' MacTavish of the British 22nd SAS Regiment."
117,Valorant,2020,Riot Games,"Windows PC, PlayStation 5, Xbox Series X|S",2.4,average: 360h | to finish: -h | to master: -h,5K,1.7K,"Shooter, Tactical","Valorant is a character-based 5v5 tactical shooter set on the global stage. Outwit, outplay, and outshine your competition with tactical abilities, precise gunplay, and adaptive teamwork."
118,Metal Gear Solid V: The Phantom Pain,2015,"Kojima Productions, Konami","Windows PC, PlayStation 4, Xbox One, PlayStation 3, Xbox 360",4.0,average: 79h | to finish: 64h | to master: 211h,4.5K,5.5K,"Adventure, Shooter, Tactical","Metal Gear Solid V: The Phantom Pain is the sequel to Metal Gear Solid V: Ground Zeroes and a prequel to the original Metal Gear. The game has a complex story with long cut-scene sequences, but there are fewer and they are shorter compared to earlier Metal Gear Solid titles. Most of the gameplay mechanics introduced in Ground Zeroes are carried over: it is still an action game and stealth oriented but replaces the linear corridor design from most earlier titles with large open world environments that offer the player unrestricted freedom for the approach. The world has now a real-time day and night cycle and various weather effects that influence enemy behaviour, visibility and sound. Sabotaging or destroying certain structures can also influence other parts of the map."
119,Final Fantasy VII Remake,2020,"Square Enix Creative Business Unit I, Square Enix","Windows PC, Nintendo Switch 2, PlayStation 5, Xbox Series X|S, PlayStation 4",4.1,average: 42h | to finish: 35h | to master: 84h,5.1K,6.1K,"Adventure, RPG","A modern reimagining of one of the most iconic games of all time, Final Fantasy VII Remake harnesses the very latest technology to recreate and expand Square Enix's legendary RPG adventure for the current generation. Set in a post-industrial fantasy world that has fallen under the control of the shadowy Shinra Electric Power Company, take on the role of Cloud Strife - a mercenary and former member of Shinra's elite Soldier unit - and team up with anti-Shinra organization Avalanche as they step-up their resistance."
120,"Papers, Please",2013,"Lucas Pope, 3909","Windows PC, Mac, Linux, PlayStation Vita, Android, iOS",3.9,average: 8h | to finish: 6h | to master: 14h,3.4K,4.8K,"Indie, Point-and-Click, Puzzle, Simulator","The communist state of Arstotzka has just ended a 6-year war with neighboring Kolechia and reclaimed its rightful half of the border town, Grestin. Your job as immigration inspector is to control the flow of people entering the Arstotzkan side of Grestin from Kolechia. Among the throngs of immigrants and visitors looking for work are hidden smugglers, spies, and terrorists. Using only the documents provided by travelers and the Ministry of Admission's primitive inspect, search, and fingerprint systems you must decide who can enter Arstotzka and who will be turned away or arrested."
121,Pokémon Platinum Version,2008,"Game Freak, Nintendo",Nintendo DS,4.2,average: 71h | to finish: 35h | to master: -h,3.3K,5K,"Adventure, RPG, Turn Based Strategy","Pokemon Platinum is a role-playing game with adventure elements and an enhanced version of Pokemon Diamond and Pearl. Played from a top-down perspective, it has the player explore the Sinnoh region across towns, routes, and caves, catching and training Pokemon and battling them in turn-based combat. The core goals involve building a team, challenging Gym Leaders, and completing the Pokedex. This version adds new areas, expanded online features for trading and battling, and gives the Legendary Pokemon Giratina and its Distortion World a central role. It connects with other games in the generation to trade and transfer Pokemon."
122,Dead Cells,2018,"Motion Twin, Playdigious","Windows PC, Mac, Linux, PlayStation 5, Nintendo Switch, PlayStation 4, Xbox One, Android, iOS",3.8,average: 32h | to finish: 27h | to master: 73h,3.6K,4K,"Adventure, Indie, Platform","Dead Cells is a 2D side-scrolling action platformer combining roguelike and Metroidvania design. Players control the Prisoner, an immortal creature that possesses corpses and fights through procedurally generated levels filled with mutated enemies. Combat centers on melee weapons, bows, traps, and dodging, with enemy patterns that reward careful observation. Death is permanent for each run, stripping the player of most collected items, though an in-game currency called Cells allows for purchasing upgrades that persist between attempts. Levels are assembled from pre-designed sections in randomized configurations, and progression through the game unlocks new traversal abilities via collectible Runes."
124,Control,2019,"Remedy Entertainment, 505 Games","Windows PC, PlayStation 5, Xbox Series X|S, PlayStation 4, Xbox One, Google Stadia",3.7,average: 19h | to finish: 17h | to master: 31h,4.4K,4.8K,"Adventure, Shooter","Control is a third-person action-adventure game set in the Federal Bureau of Control, a secretive U.S. government agency that studies paranormal phenomena. Players control Jesse Faden, who arrives at the Bureau's headquarters, the Oldest House, to find it invaded by a hostile force called the Hiss. Gameplay combines supernatural abilities with a shape-shifting firearm, and the environment is reactive and destructible."
125,Hogwarts Legacy,2023,"Avalanche Software, Warner Bros. Games","Windows PC, Nintendo Switch 2, PlayStation 5, Xbox Series X|S, Nintendo Switch, PlayStation 4, Xbox One",3.3,average: 45h | to finish: 45h | to master: 69h,5.5K,3.9K,"Adventure, RPG","Hogwarts Legacy is an immersive, open-world action RPG set in the world first introduced in the Harry Potter books. Now you can take control of the action and be at the center of your own adventure in the wizarding world. Embark on a journey through familiar and new locations as you explore and discover fantastic beasts, customize your character and craft potions, master spell casting, upgrade talents, and become the wizard you want to be. Discover the feeling of living at Hogwarts as you make allies, battle Dark wizards, and ultimately decide the fate of the wizarding world. Your legacy is what you make of it."
126,A Way Out,2018,"Hazelight Studios, Electronic Arts","Windows PC, PlayStation 4, Xbox One",3.7,average: 6h | to finish: 6h | to master: 8h,4.7K,4.7K,Adventure,"A Way Out is a cooperative action-adventure game designed exclusively for two-player split-screen play, either locally or online. Each player controls one of two protagonists, Leo and Vincent, who form a reluctant partnership to break out of prison. Gameplay involves stealth, combat, driving, and environmental puzzle-solving, with both characters taking different cooperative roles in each situation. The game features a branching narrative that unfolds simultaneously for both players through its split-screen presentation."
127,Resident Evil 5,2009,Capcom,"Windows PC, PlayStation 3, Xbox 360",3.3,average: 15h | to finish: 11h | to master: 53h,5.2K,3.8K,"Adventure, Shooter","Resident Evil 5 is the seventh video game in the Resident Evil series. It features similar gameplay to Resident Evil 4 utilizing the same over the shoulder view, but this time the environment plays a significant role. The player is now dependent on his partner more than in older games. When the partner's health bar drop down to 0, he will enter the dying stage where the health bar will flash red and gradually lower as he stays like this. Resident Evil 5 also features new types of enemies called Majini and mostly are of African descent."
128,Marvel Rivals,2024,"NetEase Games, Marvel Games","Windows PC, Nintendo Switch 2, PlayStation 5, Xbox Series X|S, PlayStation 4",3.2,average: 100h | to finish: 28h | to master: 136h,6.5K,5.1K,Shooter,"Marvel Rivals is a super hero team-based PvP shooter developed by NetEase Games! Assemble an all-star Marvel squad, devise countless strategies by combining powers to form unique Team-Up skills and fight in destructible, ever-changing battlefields across the continually evolving Marvel universe!"
129,Mirror's Edge,2008,"EA Digital Illusions CE, Electronic Arts","Windows PC, PlayStation 3, Xbox 360",3.6,average: 6h | to finish: 5h | to master: -h,3K,3.8K,"Adventure, Platform, Puzzle","Mirror's Edge is a first-person action-adventure game focused on parkour and free-running. Set in a heavily surveilled city, players control Faith, a courier who traverses rooftops using wall-runs, jumps, and slides to deliver sensitive information. The gameplay emphasizes momentum and fluid movement over combat, with a focus on finding the fastest path through urban environments."
130,Hollow Knight: Silksong,2025,Team Cherry,"Windows PC, Mac, Linux, Nintendo Switch 2, PlayStation 5, Xbox Series X|S, Nintendo Switch, PlayStation 4, Xbox One",4.5,average: 59h | to finish: 48h | to master: 69h,11K,16K,"Adventure, Indie, Platform","Hollow Knight: Silksong is the epic sequel to Hollow Knight, the epic action-adventure of bugs and heroes. As the lethal hunter Hornet, journey to all-new lands, discover new powers, battle vast hordes of bugs and beasts and uncover ancient secrets tied to your nature and your past."
131,Pokémon Go,2016,"The Pokémon Company, Niantic Labs","Android, iOS",2.9,average: 128h | to finish: -h | to master: -h,2.5K,1.6K,"RPG, Simulator","Pokémon Go is an augmented reality mobile game that uses GPS to let players locate, capture, train, and battle Pokémon in real-world locations. Players explore their physical surroundings to find PokéStops for items, battle at Gyms for team control, participate in Raid Battles cooperatively, and compete in the Go Battle League's player-versus-player format. The game is free-to-play with in-app purchases and features Pokémon from across multiple generations of the franchise."
132,God of War,2005,"SCE Santa Monica Studio, Capcom",PlayStation 2,3.9,average: 10h | to finish: 10h | to master: 31h,3.7K,4.7K,"Adventure, Brawler, Puzzle","God of War is an action-adventure hack-and-slash video game developed by Santa Monica Studio and published by Sony Computer Entertainment (SCE). Initially launched for the PlayStation 2, the game stands as the first instalment in the God of War series and the third in chronological order. Loosely inspired by Greek mythology, it unfolds in ancient Greece with vengeance as its central theme. The player takes on the role of Kratos, the protagonist, a Spartan warrior devoted to the Olympian gods. Tasked by the goddess Athena, Kratos is assigned to eliminate Ares, the God of War and Kratos' former mentor. Ares had deceitfully manipulated Kratos into killing his wife and daughter. As Ares attacks Athens fueled by hatred for Athena, Kratos embarks on a quest to locate Pandora's Box, the sole object capable of permanently stopping the vengeful god."
133,The Last of Us Part I,2022,"Naughty Dog, Sony Interactive Entertainment","Windows PC, PlayStation 5",4.5,average: 19h | to finish: 17h | to master: 26h,6.5K,11K,"Adventure, Shooter","Experience the emotional storytelling and unforgettable characters of Joel and Ellie in The Last of Us, winner of over 200 Game of the Year awards and now rebuilt for PlayStation 5. Enjoy a total overhaul of the original experience, faithfully reproduced but incorporating modernized gameplay, improved controls and expanded accessibility options. Plus, feel immersed with improved effects and enhanced exploration and combat. It also includes the Left Behind story DLC."
134,Subnautica,2018,"Unknown Worlds, Gearbox Publishing","Windows PC, Mac, Nintendo Switch 2, PlayStation 5, Xbox Series X|S, Nintendo Switch, PlayStation 4, Xbox One, Android, iOS, Oculus Rift, SteamVR",4.0,average: 36h | to finish: 27h | to master: 34h,4.2K,5.5K,"Adventure, Indie","Descend into the depths of an alien underwater world filled with wonder and peril. Craft equipment, pilot submarines and out-smart wildlife to explore lush coral reefs, volcanoes, cave systems, and more, all while trying to survive."
135,Assassin's Creed Brotherhood,2010,"Ubisoft Montreal, Ubisoft Entertainment","Windows PC, Mac, PlayStation 3, Xbox 360",3.9,average: 25h | to finish: 19h | to master: 32h,2.1K,3.9K,"Adventure, Puzzle","Assassin's Creed Brotherhood is an action-adventure game set in Rome, where Master Assassin Ezio Auditore takes on the Templar Order. Players recruit and command a Brotherhood of Assassins to dismantle the corrupt powers entrenched in the city. The game combines stealth, combat, and leadership as Ezio rallies allies to fight alongside him. The game also introduces a multiplayer mode to the series, where players choose from a roster of unique characters with distinct weapons and assassination techniques, competing against each other online."
136,Five Nights at Freddy's,2014,Scottgames,Windows PC,3.2,average: 4h | to finish: 1h | to master: -h,4.3K,3.4K,"Indie, Point-and-Click, Simulator, Strategy","Welcome to your new summer job at Freddy Fazbear's Pizza, where kids and parents alike come for entertainment and food as far as the eye can see! The main attraction is Freddy Fazbear, of course; and his two friends. They are animatronic robots, programmed to please the crowds! The robots' behavior has become somewhat unpredictable at night however, and it was much cheaper to hire you as a security guard than to find a repairman. From your small office you must watch the security cameras carefully. You have a very limited amount of electricity that you're allowed to use per night (corporate budget cuts, you know). That means when you run out of power for the night- no more security doors and no more lights! If something isn't right- namely if Freddybear or his friends aren't in their proper places, you must find them on the monitors and protect yourself if needed! Can you survive five nights at Freddy's?"
137,Death Stranding,2019,"Kojima Productions, 505 Games","Windows PC, PlayStation 4",4.0,average: 49h | to finish: 57h | to master: 129h,4.8K,6.9K,"Adventure, RPG, Shooter","Death Stranding is an action game set in a post-apocalyptic United States. Players control Sam Porter Bridges, a courier tasked with reconnecting isolated cities via a communication network while delivering essential cargo. The gameplay blends traversal, resource management, and narrative elements, with a focus on social connectivity through asynchronous multiplayer. It is known for its unique mechanics, atmospheric world, and philosophical themes."
138,Uncharted 2: Among Thieves,2009,"Naughty Dog, Sony Computer Entertainment",PlayStation 3,4.1,average: 14h | to finish: 10h | to master: 33h,2.4K,5.1K,"Adventure, Platform, Shooter","In the sequel to Drake's Fortune, Nathan Drake comes across a map that showcases the location of Marco Polo's missing ships. It takes him on a journey to find the infamous Cintamani Stone, and uncover the truth behind it."
139,Garry's Mod,2004,"Facepunch Studios, Valve","Windows PC, Mac, Linux",3.9,average: 170h | to finish: 2205h | to master: -h,3.4K,3.7K,"Indie, Simulator","Garry's Mod is a physics-based sandbox game built on Valve's Source engine. In its base mode, there are no objectives. Players can spawn non-player characters, ragdolls, and props, then manipulate them using a physics gun that can pick up, rotate, and freeze objects in place. A tool gun provides additional functionality such as welding objects together or adjusting facial expressions on ragdolls. The game supports extensive Lua-based modding, and community-created game modes like Trouble in Terrorist Town and Prop Hunt have become widely popular in their own right. Originally released as a free mod for Half-Life 2 in 2004, it became a standalone commercial release in 2006 and holds the record as the best-selling PC-exclusive game."
140,Fallout 3,2008,"Bethesda Game Studios, Bethesda Softworks","Windows PC, PlayStation 3, Xbox 360",3.6,average: 43h | to finish: 42h | to master: -h,2.9K,3.5K,"RPG, Shooter","Fallout 3 from the creators of the award-winning Oblivion, featuring one of the most realized game worlds ever created. Create any kind of character you want and explore the open wastes of post-apocalyptic Washington D.C. Every minute is a fight for survival as you encounter Super Mutants, Ghouls, Raiders and other dangers of the Wasteland. Prepare for the future. The third game in the Fallout series, Fallout 3 is a singleplayer action role-playing game (RPG) set in a post-apocalyptic Washington DC. Combining the horrific insanity of the Cold War era theory of mutually assured destruction gone terribly wrong, with the kitschy naivety of American 1950s nuclear propaganda, Fallout 3 will satisfy both players familiar with the popular first two games in its series as well as those coming to the franchise for the first time."
141,Outer Wilds,2019,"Mobius Digital, Annapurna Interactive","Windows PC, PlayStation 5, Xbox Series X|S, Nintendo Switch, PlayStation 4, Xbox One",4.6,average: 22h | to finish: 21h | to master: 35h,8.3K,11K,"Adventure, Indie, Puzzle, Simulator","Outer Wilds is a critically-acclaimed and award-winning open world mystery about a solar system trapped in an endless time loop. The newest member of the space program in a small village on the planet Timber Hearth, the player navigates a space shuttle and travels across their solar system to get to the bottom of its mysteries by exploring the cosmos and gathering the knowledge hidden within each of the system's planets, left behind by another civilization in the distant past."
142,Far Cry 4,2014,"Ubisoft Montreal, Ubisoft Entertainment","Windows PC, PlayStation 5, Xbox Series X|S, PlayStation 4, Xbox One, PlayStation 3, Xbox 360, Google Stadia",3.5,average: 34h | to finish: 26h | to master: 52h,2.6K,3K,"Adventure, Shooter, Tactical","Discover the most diverse Far Cry world ever created. With terrain spanning from lush forests to the snowcapped Himalayas, the entire world is alive… and deadly. From leopards, rhinos, black eagles, and vicious honey badgers, Kyrat is home to abundant wildlife. As you embark on your hunt for resources, know that something may be hunting you... Scout enemy territory from above in the all-new gyrocopter and then plummet back to earth in your wing suit. Climb aboard the back of a six-ton elephant and unleash its raw power on your enemies. Choose the right weapon for the job, no matter how insane or unpredictable that job might be. With a diverse arsenal, you’ll be prepared for anything."
143,Dark Souls II: Scholar of the First Sin,2015,"FromSoftware, Bandai Namco Entertainment","Windows PC, PlayStation 4, Xbox One, PlayStation 3, Xbox 360",3.6,average: 70h | to finish: 46h | to master: 81h,5.7K,4.9K,"Adventure, RPG","Dark Souls II: Scholar of the First Sin is an enhanced edition of Dark Souls II, released in April 2015 by FromSoftware and Bandai Namco Entertainment. This version includes updated graphics, improved performance, and all previously released DLC expansions (Crown of the Sunken King, Crown of the Old Iron King, and Crown of the Ivory King). It also features rebalanced gameplay, new enemy placements, additional NPCs, and expanded lore,"
144,Call of Duty: Modern Warfare 3,2011,"Infinity Ward, Activision","Windows PC, Mac, PlayStation 3, Xbox 360",3.6,average: 38h | to finish: 5h | to master: -h,2K,2.9K,"Adventure, Shooter, Tactical","Call of Duty: Modern Warfare 3 is a first-person shooter video game, developed by Infinity Ward and Sledgehammer Games (Treyarch for the Wii version), with Raven Software having assisted in development and published by Activision."
145,Lethal Company,2023,Zeekerss,Windows PC,3.6,average: 25h | to finish: 8h | to master: -h,4.9K,3.3K,Indie,A co-op horror roguelite about an abandoned industrial moon.
146,Rise of the Tomb Raider,2015,"Crystal Dynamics, Microsoft Studios","Windows PC, Mac, Linux, PlayStation 4, PlayStation VR, Xbox One, Xbox 360, Google Stadia",3.7,average: 20h | to finish: 17h | to master: 37h,2.7K,3.8K,"Adventure, Shooter","Rise of the Tomb Raider is a third-person action-adventure game in which players control Lara Croft as she searches for the legendary city of Kitezh and a promise of immortality. Combat involves firearms, stealth, and melee weapons, while semi-open hub areas offer challenge tombs with puzzles, side missions, and resource scavenging for crafting. Players earn experience and unlock skills across three trees focused on combat, hunting, and survival. The game features an Expeditions mode that allows replaying levels with modifiers in place of traditional multiplayer."
147,Dark Souls,2011,"FromSoftware, Bandai Namco Entertainment","Windows PC, Nintendo Switch, PlayStation 4, Xbox One, PlayStation 3, Xbox 360",4.3,average: 79h | to finish: 30h | to master: 66h,4.2K,6K,"Adventure, RPG","Dark Souls is an action role-playing game developed by FromSoftware and published by Bandai Namco Entertainment. Released in September 2011 as a spiritual sequel to Demon's Souls, it is set in a dark, medieval fantasy world. It is renowned for its challenging gameplay, intricate level design, and deep lore. Players control a customizable character known as the Chosen Undead, embarking on a perilous journey to uncover the secrets of the cursed land of Lordran. Dark Souls is known for its punishing difficulty, requiring players to carefully manage combat, stamina, and resources while navigating hostile environments filled with dangerous enemies and formidable bosses. The game features a unique multiplayer component, allowing players to leave messages for others, summon allies for cooperative play, or invade other players' worlds for PvP combat. The original release of Dark Souls received critical acclaim for its atmospheric world, innovative mechanics, and rewarding gameplay, solidifying its place as a seminal title in the action RPG genre."
148,New Super Mario Bros. Wii,2009,"Nintendo Entertainment Analysis & Development, Nintendo","Wii U, Wii",3.7,average: 26h | to finish: 8h | to master: 20h,2.6K,3.2K,"Adventure, Platform","New Super Mario Bros. Wii is a side-scrolling 2.5D Mario platformer for the Wii and the tenth game in the Super Mario series. In addition to the single-player experience, New Super Mario Bros. Wii also features a multiplayer mode for up to four players. This is the first Super Mario game to feature co-op and vs. modes at the same time since Mario Bros. It features more items, new levels, and more enemies than the DS predecessor. The game introduces two new power-ups, the Propeller Mushroom and the Penguin Suit, which turn characters into their propeller and penguin forms, respectively."
149,Little Nightmares,2017,"Tarsier Studios, Bandai Namco Entertainment","Windows PC, Nintendo Switch, PlayStation 4, Xbox One, Android, Google Stadia, iOS",3.8,average: 5h | to finish: 4h | to master: 10h,3.8K,4.8K,"Adventure, Indie, Platform, Puzzle","Little Nightmares is a puzzle-platform horror adventure game developed by Tarsier Studios and published by Bandai Namco Entertainment. Set in a mysterious world, Little Nightmares follows the journey of Six, a hungry little girl who must escape the Maw, an iron vessel inhabited by monstrous, twisted beings."
150,Assassin's Creed Origins,2017,"Ubisoft Montreal, Ubisoft Entertainment","Windows PC, PlayStation 5, Xbox Series X|S, PlayStation 4, Xbox One, Google Stadia",3.5,average: 55h | to finish: 56h | to master: 99h,2.9K,3.3K,"Adventure, RPG","Assassin’s Creed Origins is an action-adventure game set in ancient Egypt at the end of the Ptolemaic era. The story follows Bayek, a Medjay tasked with protecting the people, as personal tragedy draws him into a wider conflict that leads to the origins of the Assassin Brotherhood. The game features a large open-world recreation of Egypt, including cities, deserts, and the Nile, with an increased emphasis on exploration. Gameplay combines stealth, melee and ranged combat, and role-playing elements such as character leveling, skill trees, and gear progression."
151,Star Wars Battlefront II,2017,"EA Digital Illusions CE, Electronic Arts","Windows PC, PlayStation 4, Xbox One",3.5,average: 56h | to finish: 9h | to master: -h,2.7K,3.6K,"Adventure, Shooter","Star Wars Battlefront II is a first- and third-person shooter set across all three eras of the Star Wars saga. Players engage in large-scale ground and space battles using class-based soldiers, reinforcements, vehicles, and iconic heroes or villains from the franchise. Multiplayer modes span maps drawn from locations across the films, while a single-player campaign follows an original story set between Return of the Jedi and The Force Awakens. The game launched in 2017 amid a major loot box controversy that led to the removal of microtransactions and a complete overhaul of its progression system, after which it received years of free content updates that substantially expanded its offerings."
152,Call of Duty: Black Ops III,2015,"Treyarch, Activision","Windows PC, Mac, PlayStation 4, Xbox One",3.5,average: 168h | to finish: 26h | to master: -h,3.2K,3.2K,"Adventure, Shooter","Call of Duty: Black Ops III deploys players into a dark, twisted future where a new breed of Black Ops soldier emerges and the lines are blurred between our own humanity and the technology we created to stay ahead, in a world where cutting-edge military robotics define warfare. With three unique game modes: Campaign, Multiplayer and Zombies, providing fans with the deepest and most ambitious Call of Duty ever."
153,Uncharted: Drake's Fortune,2007,"Naughty Dog, Sony Computer Entertainment",PlayStation 3,3.3,average: 10h | to finish: 8h | to master: 21h,2.6K,2.8K,"Adventure, Platform, Shooter","A 400-year-old clue in the coffin of Sir Francis Drake sets a modern-day fortune hunter on an exploration for the fabled treasure of El Dorado, leading to the discovery of a forgotten island in the middle of the Pacific Ocean. The search turns deadly when Nathan Drake becomes stranded on the island and hunted by mercenaries. Outnumbered and outgunned, Drake and his companions must fight to survive as they begin to unravel the terrible secrets hidden on the Island."
154,Monster Hunter: World,2018,Capcom,"Windows PC, PlayStation 4, Xbox One",3.9,average: 144h | to finish: 75h | to master: -h,3.2K,4K,"Adventure, RPG","Welcome to a new world! Take on the role of a hunter and slay ferocious monsters in a living, breathing ecosystem where you can use the landscape and its diverse inhabitants to get the upper hand. Hunt alone or in co-op with up to three other players, and use materials collected from fallen foes to craft new gear and take on even bigger, badder beasts!"
155,Firewatch,2016,"Campo Santo, Panic","Windows PC, Mac, Linux, Nintendo Switch, PlayStation 4, Xbox One",3.8,average: 4h | to finish: 4h | to master: 5h,4.6K,5.1K,"Adventure, Indie","Firewatch is a single-player first-person video game where you, as a man named Henry, explore the Wyoming wilderness after taking a summer job as a fire lookout. What is supposed to be a peaceful respite from your complicated life takes a turn when you start to question some of the things that are happening to you. Your only human connection is over a handheld radio, which you’ll use to speak with your supervisor Delilah about the things both of you are experiencing."
156,The Last of Us Remastered,2014,"Naughty Dog, Sony Computer Entertainment",PlayStation 4,4.4,average: 29h | to finish: 18h | to master: 107h,3.7K,6.5K,"Adventure, Shooter","The Last of Us Remastered is an updated release of the PS3 game The Last of Us. It is identical to the PS3 version but runs at a 1080p resolution and incorporates character models with a higher resolution. There are also improved shadows and lighting, upgraded textures, 60 frames per second and other types of improvements. In addition to the base game, two map packs and the expansion The Last of Us: Left Behind are included."
157,Battlefield 1,2016,"EA Digital Illusions CE, Electronic Arts","Windows PC, PlayStation 4, Xbox One",3.7,average: 39h | to finish: 7h | to master: -h,2.5K,3.4K,Shooter,"Discover classic Battlefield gameplay with epic multiplayer and an adventure-filled campaign. Experience the dawn of all-out war, only in Battlefield 1. Fight your way through epic battles going from tight urban combat in a besieged French city to big open spaces in the Italian Alps or frantic combats in the Arabic sand dunes. Experience large-scale battles as infantry or piloting vehicles on land, air and sea, from the tanks and bikes on the ground, to bi-planes and gigantic battleships."
158,Metal Gear Solid,1998,"Konami Computer Entertainment Japan, Konami","PlayStation 3, PlayStation Portable, PlayStation",4.3,average: 11h | to finish: 11h | to master: -h,5.8K,7.6K,"Adventure, Shooter, Tactical","Metal Gear Solid is a stealth game created by Hideo Kojima which follows the MSX2 video games Metal Gear and Metal Gear 2: Solid Snake. Despite a transition to 3D, Metal Gear Solid's gameplay remains similar to his predecessors. The game utilizes a traditional top-down view and the player must navigate the protagonist Solid Snake through the game's areas without being detected. Detection will set off an alarm which draws armed enemies to his location. Conversations with Snake's allies and cutscenes are used extensively to advance the plot and gain more insight into it. Metal Gear Solid is regarded as one of the greatest and most important video games of all time, and helped popularize the stealth genre and in-engine cinematic cutscenes."
159,Pokémon Legends: Arceus,2022,"Game Freak, Nintendo",Nintendo Switch,3.7,average: 49h | to finish: 36h | to master: 83h,5K,4.1K,"Adventure, RPG, Turn Based Strategy","The Pokémon Legends: Arceus game honors past Pokémon games’ core gameplay while infusing new action and RPG elements. You’ll need to catch, survey, and research wild Pokémon in a long-gone era of the Sinnoh region to create and complete the region’s first Pokédex."
160,The Sims 4,2014,"The Sims Studio, Electronic Arts","Windows PC, Mac, PlayStation 4, Xbox One",3.1,average: 241h | to finish: 23h | to master: -h,3.3K,2.6K,"RPG, Simulator","Unleash your imagination and create a unique world of Sims that's an expression of you! Explore and customize every detail from Sims to homes, and much more with The Sims 4. Life, and Sims, are yours to control. Customize your unique Sims, design their homes & take them on wild adventures through celebdom, romance, holidays and more."
161,Assassin's Creed Odyssey,2018,"Ubisoft Québec, Ubisoft Entertainment","Windows PC, PlayStation 5, Xbox Series X|S, PlayStation 4, Xbox One, Google Stadia",3.4,average: 93h | to finish: 101h | to master: 129h,3.2K,3.3K,"Adventure, RPG","Write your own epic odyssey and become a legendary Spartan hero in Assassin's Creed Odyssey, an inspiring adventure where you must forge your destiny and define your own path in a world on the brink of tearing itself apart. Influence how history unfolds as you experience a rich and ever-changing world shaped by your decisions."
162,Pokémon Black Version,2010,"Game Freak, Nintendo",Nintendo DS,4.2,average: 47h | to finish: 30h | to master: 106h,2.8K,4.3K,"Adventure, RPG, Turn Based Strategy","Pokémon Black Version and Pokémon White Version are the primary paired versions of Generation V. Black and White follow the trends set up by previous games in the series. Two player characters (one male and one female) travel a new region, Unova, on their Pokémon journeys. This region is inhabited by various Pokémon, and unlike before, none of those available prior to Generation V can be obtained before completing the main story by defeating Team Plasma. The games' names were revealed on the official Japanese Pokémon website on April 9, 2010, and scans from the subsequent issue of the magazine leaked the following day, April 10. Pokémon Black and White are followed in 2012 by two sequels, Pokémon Black 2 and White 2, which are set two years after the events of Black and White. Black 2 and White 2 are the second and final paired versions of Generation V."
163,Uncharted 3: Drake's Deception,2011,"Naughty Dog, Sony Computer Entertainment",PlayStation 3,3.9,average: 14h | to finish: 11h | to master: -h,2K,3.8K,"Adventure, Platform, Shooter","A search for the fabled ""Atlantis of the Sands"" propels fortune hunter Nathan Drake on a trek into the heart of the Arabian Desert. When the terrible secrets of this lost city are unearthed, Drake's quest descends into a desperate bid for survival that strains the limits of his endurance and forces him to confront his deepest fears."
164,Far Cry 5,2018,"Ubisoft Montreal, Ubisoft Entertainment","Windows PC, PlayStation 5, Xbox Series X|S, PlayStation 4, Xbox One, Google Stadia",3.3,average: 34h | to finish: 31h | to master: -h,3.1K,2.8K,"Adventure, Shooter","Welcome to Hope County, Montana, land of the free and the brave, but also home to a fanatical doomsday cult known as The Project at Eden’s Gate that is threatening the community's freedom. Stand up to the cult’s leader, Joseph Seed and the Heralds, and spark the fires of resistance that will liberate the besieged community. In this expansive world, your limits and creativity will be tested against the biggest and most ruthless baddest enemy Far Cry has ever seen. It’ll be wild and it’ll get weird, but as long as you keep your wits about you, the residents of Hope County can rest assured knowing you’re their beacon of hope."
165,Super Mario Galaxy 2,2010,Nintendo,"Wii U, Wii",4.4,average: 29h | to finish: 15h | to master: 31h,3.2K,5K,"Adventure, Platform","Super Mario Galaxy 2 is the sequel to Super Mario Galaxy and the fourth 3D platformer entry in the Mario franchise. The sequel retains many elements from its predecessor, such as the adventure being in outer space, the element of gravity, and recurring objects such as Launch Stars and Sling Stars. Returning items include the Bee Mushroom and the Fire Flower. However, the game introduces new elements as well, such as the utilization of Yoshi, new power-ups like the Cloud Flower, and the use of a guide within the game for beginner players."
166,Halo 3,2007,"Bungie, Microsoft Game Studios","Windows PC, Xbox One, Xbox 360",4.3,average: 31h | to finish: 5h | to master: -h,3.2K,5.1K,Shooter,"Halo 3 is a shooter game where players primarily experience gameplay from a first-person perspective. Much of the gameplay takes place on foot, but also includes segments focused on vehicular combat. The balance of weapons and objects in the game was adjusted to better adhere to the ""Golden Triangle of Halo"": these are weapons, grenades, and melee attacks, which are available to a player in most situations. Players may dual-wield some weapons, forgoing the use of grenades and melee attacks in favor of the combined firepower of two weapons. Many weapons available in previous installments of the series return with minor cosmetic and power alterations. Unlike previous installments, the player's secondary weapon is visible on their player model, holstered or slung across the player's back. Halo 3 introduces ""support weapons"", which are cumbersome two-handed weapons that slow the player, but offer greatly increased firepower in return. In addition to weapons, the game contains a new class of gear called equipment; these items have various effects, ranging from defensive screens to shield regeneration and flares. Only one piece of equipment can be carried at a time. The game's vehicular component has been expanded with new drivable and AI-only vehicles."
167,Journey,2012,"ThatGameCompany, Annapurna Interactive","Windows PC, PlayStation 4, PlayStation 3, iOS",3.9,average: 2h | to finish: 1h | to master: 7h,3.1K,4.2K,"Adventure, Indie, Platform","A third-person adventure game in which the player, controlling a robed figure, makes a pilgrimage through a desert landscape to a rugged mountain with a beacon of light in the distance while uncovering the history of their people, rescuing and cooperating with friendly creatures, avoiding predatory ones and communicating with other travelers."
168,Dispatch,2025,AdHoc Studio,"Windows PC, Nintendo Switch 2, PlayStation 5, Xbox Series X|S, Nintendo Switch, Web browser",4.1,average: 9h | to finish: 9h | to master: 21h,10K,11K,"Adventure, Point-and-Click, Strategy","Dispatch is a superhero workplace comedy where choices matter. Manage a dysfunctional team of misfit heroes and strategize who to send to emergencies around the city, all while balancing office politics, personal relationships, and your own quest to become a hero."
169,Outlast,2013,Red Barrels,"Windows PC, Mac, Linux, Nintendo Switch, PlayStation 4, Xbox One",3.6,average: 7h | to finish: 5h | to master: 15h,3.6K,3.8K,"Adventure, Indie","Hell is an experiment you can't survive in Outlast, a first-person survival horror game developed by veterans of some of the biggest game franchises in history. As investigative journalist Miles Upshur, explore Mount Massive Asylum and try to survive long enough to discover its terrible secret... if you dare."
170,LEGO Star Wars: The Complete Saga,2007,"Traveller's Tales, LucasArts","Windows PC, Mac, PlayStation 3, Wii, Xbox 360, Android, iOS",4.1,average: 29h | to finish: 21h | to master: 38h,2.5K,4.4K,"Adventure, Platform","Lego Star Wars: The Complete Saga is a Lego-themed action-adventure game with platforming and puzzle-solving, played from a third-person perspective in a world built from Lego pieces. It combines and updates the content of two earlier games, Lego Star Wars: The Video Game and Lego Star Wars II: The Original Trilogy, covering the six films of the Skywalker Saga across dozens of story levels. Players take on many different characters, each with distinct abilities such as lightsabers and the Force for Jedi and Sith, or blasters and grappling hooks for others, and use those abilities to progress and reach hidden areas. It supports drop-in co-op play, a Cantina hub world for free roaming and character customization, a Free Play mode for replaying levels, and a large amount of collectibles to gather."
171,Persona 3 Reload,2024,"P Studio, Sega","Windows PC, Nintendo Switch 2, PlayStation 5, Xbox Series X|S, PlayStation 4, Xbox One",4.3,average: 83h | to finish: 79h | to master: 105h,9.4K,9.6K,"Adventure, RPG","Step into the shoes of a transfer student thrust into an unexpected fate when entering the hour ""hidden"" between one day and the next. Awaken an incredible power and chase the mysteries of the Dark Hour, fight for your friends, and leave a mark on their memories forever. Persona 3 Reload is a captivating reimagining of the genre-defining RPG, reborn for the modern era."
172,Risk of Rain 2,2020,"Hopoo Games, Gearbox Publishing","Windows PC, PlayStation 5, Xbox Series X|S, Nintendo Switch, PlayStation 4, Xbox One, Google Stadia",4.0,average: 76h | to finish: 17h | to master: 440h,4.1K,4.2K,"Adventure, Indie, Shooter","The classic multiplayer roguelike, Risk of Rain, returns with an extra dimension and more challenging action. No run will ever be the same with randomized stages, enemies, bosses, and items. Play solo, or team up with up to four friends to fight your way through hordes of monsters, unlock new loot, and find a way to escape the planet."
173,Dead by Daylight,2016,"Behaviour Interactive, Starbreeze Studios","Windows PC, PlayStation 5, Xbox Series X|S, Nintendo Switch, PlayStation 4, Xbox One, Android, Google Stadia, iOS",3.0,average: 314h | to finish: 363h | to master: -h,4.5K,2.9K,Strategy,"Trapped forever in a realm of eldritch evil where even death is not an escape, four determined Survivors face a bloodthirsty Killer in a vicious game of nerve and wits. Pick a side and step into a world of tension and terror with horror gaming's best asymmetrical multiplayer. Survivors play in third-person and have the advantage of better situational awareness. The Killer plays in first-person and is more focused on their prey. The Survivors' goal in each encounter is to escape the Killing Ground without getting caught by the Killer - something that sounds easier than it is, especially when the environment changes every time you play."
174,Inside,2016,Playdead,"Windows PC, Mac, Nintendo Switch, PlayStation 4, Xbox One, iOS",3.9,average: 4h | to finish: 3h | to master: 4h,3.3K,4.4K,"Adventure, Indie, Platform, Puzzle","Inside is a puzzle-platformer developed by Playdead, presented in a 2.5D side-scrolling format with a dark, predominantly monochromatic visual style. The player controls an unnamed boy navigating a dystopian environment, solving environmental puzzles, avoiding hostile guards and creatures, and using a mind-control device to manipulate bodies in order to progress. The game features no dialogue or HUD, relying on visual and audio cues to guide the player through its increasingly surreal and dangerous settings."
175,Assassin's Creed Unity,2014,"Ubisoft Montreal, Ubisoft Entertainment","Windows PC, PlayStation 5, Xbox Series X|S, PlayStation 4, Xbox One, Google Stadia",3.4,average: 37h | to finish: 30h | to master: 83h,2.8K,2.7K,"Adventure, RPG","Assassin’s Creed Unity is an action-adventure game set in Paris during the French Revolution. The player controls Arno Dorian, an Assassin who seeks to uncover the forces behind the political unrest. The game introduces new weapons, including the Phantom Blade, a modified Hidden Blade with ranged capabilities. Gameplay emphasizes stealth, parkour, and close combat, featuring updated free-running mechanics and a revised fighting system. The open-world setting recreates 18th-century Paris and includes historical events such as the storming of the Bastille and the execution of King Louis XVI. Unity also includes a cooperative multiplayer mode supporting up to four players."
176,Resident Evil 4,2005,"Capcom Production Studio 4, Capcom",Nintendo GameCube,4.4,average: 25h | to finish: 15h | to master: -h,3.1K,5.8K,"Adventure, Shooter","Resident Evil 4 is the sixth installment in the Resident Evil series and is often noted for its departure from the fixed camera angles of earlier titles. It introduced an over-the-shoulder third-person perspective, faster-paced gunplay, and more dynamic controls. The game features larger, more open environments and a new AI system that enables enemies to coordinate attacks and attempt to corner the player. Enemies exhibit more human-like behavior, such as climbing ladders, opening doors, and using weapons."
177,Halo: Reach,2010,"Bungie, Microsoft Game Studios","Windows PC, Xbox One, Xbox 360",4.2,average: 28h | to finish: 6h | to master: -h,3.2K,5K,Shooter,"Halo: Reach is a first-person shooter set in 2552, serving as a prequel to Halo: Combat Evolved. Players control Noble Six, a member of Noble Team, an elite squad of Spartan supersoldiers defending the human colony world of Reach from a Covenant invasion. The game features campaign gameplay playable solo or cooperatively, with armor abilities replacing single-use equipment from previous entries. Multiplayer includes competitive modes, a Firefight survival mode, and Forge World, a large-scale level editor. The game also introduces space combat dogfight sequences to the series."
178,Super Mario 3D Land,2011,"Nintendo, iQue",Nintendo 3DS,3.6,average: 20h | to finish: 10h | to master: 26h,3K,2.9K,"Adventure, Platform","Super Mario 3D Land is the second 3D Super Mario platformer for a handheld device, and the successor to Super Mario Galaxy 2. The game is closely based on side-scrolling Mario games, as it combine elements from both traditional 2D Mario games and modern free-roaming 3D Mario games. It also introduces elements into the series, including power-ups and gameplay mechanics."
179,South Park: The Stick of Truth,2014,"Obsidian Entertainment, Ubisoft Entertainment","Windows PC, Nintendo Switch, PlayStation 4, Xbox One, PlayStation 3, Xbox 360",3.9,average: 16h | to finish: 13h | to master: 32h,2.8K,3.8K,"Adventure, RPG, Strategy","South Park: The Stick of Truth is a role-playing game set in the town of South Park, developed in collaboration with series creators Trey Parker and Matt Stone. Players control a new kid who joins a city-wide live-action role-playing game among the local children, which escalates into a conflict with larger stakes. Combat uses a turn-based system with timed button inputs, and the game features exploration, side quests, and the humor of the animated series."
180,Resident Evil Requiem,2026,"Capcom Development Division 1, Capcom","Windows PC, Nintendo Switch 2, PlayStation 5, Xbox Series X|S",4.4,average: 17h | to finish: 12h | to master: 33h,12K,13K,"Adventure, Puzzle, Shooter","Resident Evil Requiem is the ninth entry in the Resident Evil series. Experience terrifying survival horror with FBI analyst Grace Ashcroft, and dive into pulse-pounding action with legendary agent Leon S. Kennedy. Both of their journeys and unique gameplay styles intertwine into a heart-stopping, emotional experience that will chill you to your core."
181,Super Mario Bros. 3,1988,"Nintendo R&D4, Nintendo","Nintendo 3DS, Wii U, Wii, Family Computer, NES, Arcade",4.1,average: 6h | to finish: 5h | to master: -h,2.6K,3.4K,"Adventure, Platform","Super Mario Bros. 3, the third entry in the Super Mario Bros. series and Super Mario franchise, sees Mario or Luigi navigate a nonlinear world map containing platforming levels and optional minigames and challenges. The game features more diverse movement options and new items alongside more complex level designs and boss battles."
182,Lies of P,2023,"Round8 Studio, Neowiz","Windows PC, Mac, PlayStation 5, Xbox Series X|S, PlayStation 4, Xbox One",4.1,average: 37h | to finish: 31h | to master: 48h,5.9K,6.5K,"Adventure, RPG","Lies of P is an action role-playing game set in a dark, Belle Époque-inspired city overrun by deadly puppets. Players control Pinocchio, reimagined as a mechanical warrior, navigating a decaying world while making choices that affect the unfolding narrative. The game features challenging melee combat, weapon customization, and a mechanical arm with various abilities."
183,The Legend of Zelda: Majora's Mask,2000,"Nintendo EAD Software Development Group No.3, Nintendo","Wii U, Wii, 64DD, Nintendo 64",4.5,average: 33h | to finish: 31h | to master: -h,3.4K,5.8K,"Adventure, Puzzle","The Legend of Zelda: Majora's Mask is a direct sequel to Ocarina of Time, it utilizes the same engine and visual style as its predecessor. The game retains the traditional elements of Zelda games as well as those introduced in Ocarina of Time, such as active blocking with a shield, various throwing items, and the usage of melodies played on the ocarina to solve puzzles. Compared to the previous Zelda games, this installment is more oriented towards interaction with NPCs and has a larger variety of items, optional quests, and mini-games. It also includes a time system that spans three days, and this cycle must be reset periodically to progress through the game."
184,Watch Dogs 2,2016,"Ubisoft Montreal, Ubisoft Entertainment","Windows PC, PlayStation 4, Xbox One, Google Stadia",3.4,average: 35h | to finish: 22h | to master: 41h,2.7K,2.8K,"Adventure, Shooter","Explore a massive and dynamic open world offering an incredible variety of gameplay possibilities. Hack your way through traffic while you engage in dangerous car chases through the winding streets of San Francisco, traverse the rooftops of the colorful and vibrant neighborhoods of Oakland, and infiltrate the cutting-edge offices of Silicon Valley companies. There are many secrets to uncover in the birthplace of the tech revolution."
185,Super Mario Bros. Wonder,2023,"Nintendo EPD Production Group No. 10, Nintendo",Nintendo Switch,4.1,average: 14h | to finish: 13h | to master: 19h,6.2K,4.9K,Platform,"Super Mario Bros. Wonder is a side-scrolling platform game and the first 2D Super Mario entry since New Super Mario Bros. U (2012). Players choose from twelve characters and traverse levels across the Flower Kingdom, a new setting for the series. The game's central mechanic is the Wonder Flower, which dramatically alters levels in unpredictable ways when touched. New power-ups include an elephant transformation, a bubble flower, and a drill hat, while an equippable badge system allows players to customize their abilities. The game supports local multiplayer for up to four active players and includes an asynchronous online mode."
186,Super Mario Sunshine,2002,"Nintendo Entertainment Analysis & Development, Nintendo",Nintendo GameCube,3.8,average: 20h | to finish: 14h | to master: 23h,3.2K,3.2K,"Adventure, Platform","Super Mario Sunshine is a Mario action-adventure 3D platformer. It follows Super Mario 64, and is the second 3D Mario platformer. Gameplay features a combination of action and puzzle solving, with numerous stages and multiple episodes to each stage, and plenty of hidden secrets and surprises. This game introduced many recurring characters and bosses in the Mario series, including Toadsworth, Bowser Jr., Petey Piranha, Gooper Blooper, Piantas, Nokis, Shadow Mario, and F.L.U.D.D. Super Mario Sunshine pays homage to Mario's Italian heritage and upbringing, with many of the locations in the game having Italian names and sometimes referencing Italian culture."
187,Middle-earth: Shadow of Mordor,2014,"Monolith Productions, WB Games","Windows PC, Mac, Linux, PlayStation 4, Xbox One, PlayStation 3, Xbox 360",3.6,average: 24h | to finish: 22h | to master: 36h,1.8K,2.5K,"Adventure, Brawler, RPG","Middle-earth: Shadow of Mordor is a open world third-person action role-playing video game developed by Monolith Productions and published by Warner Bros. Interactive Entertainment, which takes place in the world of J.R.R. Tolkien's Legendarium. The game takes place in the 60-year gap between the events of Tolkien's The Hobbit and The Lord of The Rings. It is a story of revenge, slaughter, and mystery set entirely in Mordor, the Land of Shadows. At its center is Talion, an ordinary man who loses everything, including his mortal life. The game is set in a fully open world, and features various role-playing game elements such as experience points and skills. There are various ways the player can complete their main objective. Aside from the main storyline, there are various side quests and random events the player can complete within Mordor. The melee system is inspired by that of the Batman Arkham series. Getting into a good fighting rhythm, using both regular attacks and counter-attacks will improve the player's combo multiplier. A unique feature of Middle-earth: Shadow of Mordor is the Nemesis system. Every enemy in the game has their own name, rank, and memory. These enemies will continue to do their own jobs and tasks even when they're off screen. If the player does not kill an enemy in an encounter, this enemy will remember the player and change their tactics and conversations based on the encounter."
188,Super Smash Bros. Melee,2001,"HAL Laboratory, Nintendo",Nintendo GameCube,4.1,average: 120h | to finish: 9h | to master: -h,2.3K,3.3K,"Fighting, Platform","A crossover platform fighting game featuring characters from Nintendo franchises including Mario, The Legend of Zelda, Star Fox, Pokémon, and Fire Emblem. Unlike traditional fighters, the goal is to knock opponents off the stage rather than deplete a health bar. Damage accumulates as a percentage, increasing the distance a character is launched when hit. Players use simple one-button inputs combined with joystick directions to execute moves. The game supports up to four players simultaneously and includes various single-player modes alongside its multiplayer focus. Its fast-paced, aggressive gameplay fostered a long-running competitive esports scene that persisted well beyond the game's original lifespan."
189,Disco Elysium: The Final Cut,2021,ZA/UM,"Windows PC, Mac, PlayStation 5, Xbox Series X|S, Nintendo Switch, PlayStation 4, Xbox One, Google Stadia",4.6,average: 31h | to finish: 35h | to master: -h,5.8K,9.3K,"Adventure, Indie, RPG","Disco Elysium: The Final Cut is an enhanced edition of the original role-playing game developed and published by ZA/UM. It retains the core gameplay and narrative while adding full voice acting, new quests, additional endings, and other narrative revisions."
190,God of War III,2010,"SCE Santa Monica Studio, Sony Computer Entertainment",PlayStation 3,4.2,average: 13h | to finish: 10h | to master: 22h,2.3K,4.4K,"Adventure, Brawler","Set in the realm of brutal Greek mythology, God of War III is a single-player game that allows players to take on the climatic role of the ex-Spartan warrior, Kratos, as he scales through the intimidating heights of Mt. Olympus and the dark depths of Hell to seek revenge on those who have betrayed him. Armed with double-chained blades, and an array of new weapons and magic for this iteration of the trilogy, Kratos must take on mythology's darkest creatures while solving intricate puzzles throughout his merciless quest to destroy Olympus. Utilizing a new game engine built from the ground up and state-of-the-art visual technologies, the development team behind God of War III has made standard-setting strides in giving players the realistic feel of actually being on the battlegrounds. With texture resolutions quadrupling since God of War II on PlayStation 2 computer entertainment system, God of War III, in its debut on the PS3 system, will feature fluid, life-like characters, as well as dynamic lighting effects, a robust weapon system, and world-changing scenarios that will truly bring unmistakable realism to Kratos' fateful quest. Players will have a chance to join battles on a grand scale that is four times larger than its predecessor."
191,Halo: Combat Evolved,2001,"Bungie, Microsoft Game Studios","Windows PC, Mac, Xbox 360, Xbox",3.9,average: 15h | to finish: 8h | to master: -h,2.9K,3.9K,Shooter,"Bent on Humankind's extermination, a powerful fellowship of alien races known as the Covenant is wiping out Earth's fledgling interstellar empire. Climb into the boots of Master Chief, a biologically altered super-soldier, as you and the other surviving defenders of a devastated colony-world make a desperate attempt to lure the alien fleet away from earth. Shot down and marooned on the ancient ring-world Halo, you begin a guerilla-war against the Covenant. Fight for humanity against an alien onslaught as you race to uncover the mysteries of Halo."
192,Rayman Legends,2013,"Ubisoft Montpellier, Ubisoft Entertainment","Windows PC, PlayStation 4, Xbox One, PlayStation 3, Xbox 360, Google Stadia",4.0,average: 20h | to finish: 11h | to master: 38h,2.3K,3.7K,"Adventure, Platform","Rayman Legends is a side-scrolling platform game supporting up to four simultaneous players. Players control Rayman, Globox, Teensies, or the new character Barbara as they run, jump, and attack through over one hundred twenty levels. An assist character named Murfy can interact with the environment by cutting ropes, activating mechanisms, and grabbing enemies. The game features rhythm-based levels set to music, daily and weekly online challenge stages with leaderboards, remastered levels from Rayman Origins, and a local multiplayer football minigame called Kung Foot."
193,Pokémon Sword,2019,"Game Freak, Nintendo",Nintendo Switch,3.0,average: 74h | to finish: 43h | to master: 122h,3.3K,1.8K,"Adventure, RPG, Turn Based Strategy","A turn-based role-playing game set in the Galar region, a fictional land inspired by the United Kingdom. Players catch, train, and battle creatures called Pokémon while traveling across the region to collect eight Gym badges and ultimately challenge the reigning Champion. The game introduces the Dynamax and Gigantamax mechanics, which temporarily transform Pokémon into giant forms with enhanced attacks. A fully explorable open-world Wild Area connects major locations, with weather-dependent Pokémon encounters and cooperative raid battles for up to four players. The first mainline Pokémon entry on the Nintendo Switch, it notably adopted DLC expansions instead of the series' traditional enhanced re-releases."
194,Pokémon X,2013,"Game Freak, Nintendo",Nintendo 3DS,3.4,average: 85h | to finish: 63h | to master: -h,2.7K,2.4K,"Adventure, RPG, Turn Based Strategy","An all-new 3D Pokemon adventure packed with never-before-seen Pokemon will launch worldwide in October 2013. Pokemon X and Pokemon Y will present a new generation of Pokemon, and introduce players to an exciting new adventure in a breathtaking 3D world."
195,Payday 2,2013,"Overkill Software, Starbreeze Studios","Windows PC, Linux, Nintendo Switch, PlayStation 4, Xbox One, PlayStation 3, Xbox 360",3.3,average: 97h | to finish: -h | to master: -h,2.1K,2K,"RPG, Shooter, Tactical","Payday 2 is an action-packed, four-player co-op shooter that once again lets gamers don the masks of the original crew: Dallas, Hoxton, Wolf and Chains as they descend on Washington D.C. for an epic crime spree."
196,Slay the Spire,2019,"Mega Crit Games, Humble Games","Windows PC, Mac, Linux, Nintendo Switch, PlayStation 4, Xbox One, Android, iOS",4.1,average: 53h | to finish: 36h | to master: -h,3.1K,4.1K,"Adventure, Card & Board Game, Indie, RPG, Strategy, Turn Based Strategy","Slay the Spire is a single-player roguelike deck-building game. Players choose from four characters, each with a unique set of cards, and attempt to climb a procedurally generated spire consisting of multiple floors of increasingly difficult enemies and bosses. Combat uses a card-based system where players build and refine their deck on the fly from rewards earned through encounters. Between battles, players collect relics that provide permanent buffs and make strategic choices about which paths to take, which cards to add or remove, and how to spend limited resources. The game is widely credited with popularizing the roguelike deck-building genre."
197,Final Fantasy VII,1997,"Square Product Development Division 1, Square Enix","PlayStation 3, PlayStation Portable, PlayStation",4.3,average: 43h | to finish: 42h | to master: 90h,3.6K,5.2K,"Adventure, RPG","The Western release of Final Fantasy VII (released as Final Fantasy VII International in Japan) included additional elements and alterations, such as streamlining of the menu and Materia system, reducing the health of enemies, new visual cues to help with navigation across the world map, and additional cutscenes relating to Cloud's past."
198,God of War II,2007,"SCE Santa Monica Studio, Capcom",PlayStation 2,4.2,average: 13h | to finish: 11h | to master: -h,2.4K,4.2K,"Adventure, Brawler, Platform","God of War II, an action-adventure hack-and-slash video game, was developed by Santa Monica Studio and published by Sony Computer Entertainment (SCE). Initially launched for the PlayStation 2, it serves as the second installment in the God of War series, the sixth in chronological order, and a sequel to 2005's God of War. The game is rooted in Greek mythology and unfolds in ancient Greece, revolving around the theme of vengeance. The protagonist, Kratos, is the new God of War, having defeated the former, Ares. However, Kratos is betrayed by Zeus, the King of the Olympian gods, who not only strips him of his godhood but also kills him. Dragged slowly to the Underworld, Kratos is rescued by the Titan Gaia, who guides him to seek out the Sisters of Fate. These entities have the power to enable time travel, allowing Kratos to prevent his betrayal, and ultimately seek revenge on Zeus."
199,Batman: Arkham Origins,2013,"WB Games Montréal, WB Games","Windows PC, Wii U, PlayStation 3, Xbox 360",3.6,average: 20h | to finish: 16h | to master: 39h,3K,3.5K,"Adventure, Brawler",Batman: Arkham Origins features an expanded Gotham City and introduces an original prequel storyline occurring several years before the events of Batman: Arkham Asylum and Batman: Arkham City.
200,Inscryption,2021,"Daniel Mullins Games, Devolver Digital","Windows PC, Mac, Linux, PlayStation 5, Xbox Series X|S, Nintendo Switch, PlayStation 4, Xbox One",4.2,average: 16h | to finish: 15h | to master: 54h,4.9K,5.4K,"Adventure, Card & Board Game, Indie, Puzzle, Strategy","Inscryption is an inky black card-based odyssey that blends the deckbuilding roguelike, escape-room style puzzles, and psychological horror into a blood-laced smoothie. Darker still are the secrets inscrybed upon the cards..."
